2025-02-26 13:01:01,256 - INFO - Importing Paiements...
2025-02-26 13:01:01,281 - INFO - Payment for Kazoni  Ives Herbert imported successfully.
2025-02-26 13:01:01,296 - INFO - Payment for Nikiema  Arsene  imported successfully.
2025-02-26 13:01:01,310 - INFO - Payment for Koara Awoula Mélissa imported successfully.
2025-02-26 13:01:01,324 - INFO - Payment for Sobgo Cedrix Ebenegre imported successfully.
2025-02-26 13:01:01,343 - INFO - Payment for Nikiema Elodie Betinia imported successfully.
2025-02-26 13:01:01,359 - INFO - Payment for Nacoulma Ange imported successfully.
2025-02-26 13:01:01,380 - INFO - Payment for Some Nebnow Salvador Casimir imported successfully.
2025-02-26 13:01:01,403 - INFO - Payment for Yougbare Bousra imported successfully.
2025-02-26 13:01:01,419 - INFO - Payment for Sobgo Cedrix Ebenegre imported successfully.
2025-02-26 13:01:01,436 - INFO - Payment for Nacoulma Angela imported successfully.
2025-02-26 13:01:01,449 - INFO - Payment for Pargnande Lydie imported successfully.
2025-02-26 13:01:01,465 - INFO - Payment for Koara Awoula Mélissa imported successfully.
2025-02-26 13:01:01,480 - INFO - Payment for Tougma W. Ezzidine imported successfully.
2025-02-26 13:01:01,496 - INFO - Payment for Sobgo Benewende Pamela imported successfully.
2025-02-26 13:01:01,512 - INFO - Payment for Compaore B. Salifou imported successfully.
2025-02-26 13:01:01,527 - INFO - Payment for Sobgo Benewende Pamela imported successfully.
2025-02-26 13:01:01,540 - INFO - Payment for Tapsoba Elise 1Er Jumeau imported successfully.
2025-02-26 13:01:01,554 - INFO - Payment for Tigasse Augustine Flore imported successfully.
2025-02-26 13:01:01,567 - INFO - Payment for Koara Awoula Mélissa imported successfully.
2025-02-26 13:01:01,581 - INFO - Payment for Kabore Divine imported successfully.
2025-02-26 13:01:01,594 - INFO - Payment for Tapsoba Elie imported successfully.
2025-02-26 13:01:01,610 - INFO - Payment for Tougma W. Ezzidine imported successfully.
2025-02-26 13:01:01,626 - INFO - Payment for Tenkodogo Anna Gracia imported successfully.
2025-02-26 13:01:01,639 - INFO - Payment for Ilboudo Arthur imported successfully.
2025-02-26 13:01:01,651 - INFO - Payment for Tenkodogo Anna Gracia imported successfully.
2025-02-26 13:01:01,669 - INFO - Payment for Pargnade Maifiai imported successfully.
2025-02-26 13:01:01,691 - INFO - Payment for Tassembedo Abdoul Alim imported successfully.
2025-02-26 13:01:01,714 - INFO - Payment for Kabore Alizeta Wend-Benedo Amiratou imported successfully.
2025-02-26 13:01:01,737 - INFO - Payment for Nikiema  Bnewendé Christ Armel imported successfully.
2025-02-26 13:01:01,754 - INFO - Payment for Pargnande Lydie imported successfully.
2025-02-26 13:01:01,772 - INFO - Payment for Pargnade Maifiai imported successfully.
2025-02-26 13:01:01,786 - INFO - Payment for Nacoulma Wendpayande Aliatou imported successfully.
2025-02-26 13:01:01,801 - INFO - Payment for Ouedraogo Flore imported successfully.
2025-02-26 13:01:01,815 - INFO - Payment for Ouedraogo Wendyame Beatrice imported successfully.
2025-02-26 13:01:01,837 - INFO - Payment for Tassembedo Abdoul Alim imported successfully.
2025-02-26 13:01:01,851 - INFO - Payment for Tassembedo Sadikou imported successfully.
2025-02-26 13:01:01,863 - INFO - Payment for Nacoulma Roukiatou imported successfully.
2025-02-26 13:01:01,876 - INFO - Payment for Ouedraogo Abdoul Djalilou imported successfully.
2025-02-26 13:01:01,894 - INFO - Payment for Tiemtore  Gueswende Giovany imported successfully.
2025-02-26 13:01:01,911 - INFO - Payment for Yoda Naïla imported successfully.
2025-02-26 13:01:01,926 - INFO - Payment for Tiemtore  Gueswende Giovany imported successfully.
2025-02-26 13:01:01,940 - INFO - Payment for Deme  Rachidatou imported successfully.
2025-02-26 13:01:01,952 - INFO - Payment for Compaore Osias imported successfully.
2025-02-26 13:01:01,964 - INFO - Payment for Deme  Rachidatou imported successfully.
2025-02-26 13:01:01,976 - INFO - Payment for Yoda Naïla imported successfully.
2025-02-26 13:01:01,987 - INFO - Payment for Badiel Bernard imported successfully.
2025-02-26 13:01:02,000 - INFO - Payment for Zongo Sayouba imported successfully.
2025-02-26 13:01:02,021 - INFO - Payment for Sore Sahadatou imported successfully.
2025-02-26 13:01:02,042 - INFO - Payment for Tigasse  Assaloue Boris imported successfully.
2025-02-26 13:01:02,064 - INFO - Payment for Tassembedo Cheick Oumar imported successfully.
2025-02-26 13:01:02,087 - INFO - Payment for Sore Sahadatou imported successfully.
2025-02-26 13:01:02,113 - INFO - Payment for Nikiema Waliatou Sougrenoma imported successfully.
2025-02-26 13:01:02,137 - INFO - Payment for Kinda Pengdwende Stella Emelie imported successfully.
2025-02-26 13:01:02,157 - INFO - Payment for Tigasse  Assaloue Boris imported successfully.
2025-02-26 13:01:02,172 - INFO - Payment for Soulga Latifatou imported successfully.
2025-02-26 13:01:02,185 - INFO - Payment for Tigasse Augustine Flore imported successfully.
2025-02-26 13:01:02,202 - INFO - Payment for Kinda Nadia imported successfully.
2025-02-26 13:01:02,219 - INFO - Payment for Compaore Prisca imported successfully.
2025-02-26 13:01:02,233 - INFO - Payment for Kologo Anne Marie imported successfully.
2025-02-26 13:01:02,253 - INFO - Payment for Kabore  Seraphine Djelika imported successfully.
2025-02-26 13:01:02,267 - INFO - Payment for Ilboudo Abdoul Aziz Kibsa  imported successfully.
2025-02-26 13:01:02,284 - INFO - Payment for Kinda Nadia imported successfully.
2025-02-26 13:01:02,301 - INFO - Payment for Tassembedo Rachid imported successfully.
2025-02-26 13:01:02,319 - INFO - Payment for Kabore  Seraphine Djelika imported successfully.
2025-02-26 13:01:02,334 - INFO - Payment for Nikiema Wendkouni Emeline imported successfully.
2025-02-26 13:01:02,347 - INFO - Payment for Koanda Zoulhatou imported successfully.
2025-02-26 13:01:02,367 - INFO - Payment for Compaore Alimata Sadia imported successfully.
2025-02-26 13:01:02,392 - INFO - Payment for Koanda Abdoul Maguid imported successfully.
2025-02-26 13:01:02,413 - INFO - Payment for Kabore  Seraphine Djelika imported successfully.
2025-02-26 13:01:02,433 - INFO - Payment for Tassembedo Rachid imported successfully.
2025-02-26 13:01:02,448 - INFO - Payment for Rabo Nouriatou imported successfully.
2025-02-26 13:01:02,467 - INFO - Payment for Zabre  Stephane Wendkuni imported successfully.
2025-02-26 13:01:02,486 - INFO - Payment for Kouanda Mohamed Bechir imported successfully.
2025-02-26 13:01:02,500 - INFO - Payment for Ouedraogo Moazou imported successfully.
2025-02-26 13:01:02,520 - INFO - Payment for Kologo Delwende Tatiana Yvette imported successfully.
2025-02-26 13:01:02,544 - INFO - Payment for Lengane Nabou Mariam imported successfully.
2025-02-26 13:01:02,573 - INFO - Payment for Kabore Sidbewende Severin imported successfully.
2025-02-26 13:01:02,604 - INFO - Payment for Zoungrana Abdoul Mohamine imported successfully.
2025-02-26 13:01:02,627 - INFO - Payment for Lengane Nabou Mariam imported successfully.
2025-02-26 13:01:02,650 - INFO - Payment for Kabore Sidbewende Severin imported successfully.
2025-02-26 13:01:02,674 - INFO - Payment for Ilboudo Abdoul Aziz Kibsa  imported successfully.
2025-02-26 13:01:02,704 - INFO - Payment for Ilboudo Laeticia imported successfully.
2025-02-26 13:01:02,735 - INFO - Payment for Congo Oumaimatou imported successfully.
2025-02-26 13:01:02,760 - INFO - Payment for Ouedraogo  Felicia Sindinmanegda  imported successfully.
2025-02-26 13:01:02,790 - INFO - Payment for Sare Aliyatou imported successfully.
2025-02-26 13:01:02,814 - INFO - Payment for Tiemtore  Wend-vie Betsaleel imported successfully.
2025-02-26 13:01:02,837 - INFO - Payment for Nikiema Abdoul Wahid imported successfully.
2025-02-26 13:01:02,853 - INFO - Payment for Colompare  Weyira Miracle Loïs imported successfully.
2025-02-26 13:01:02,872 - INFO - Payment for Ouedraogo  Felicia Sindinmanegda  imported successfully.
2025-02-26 13:01:02,890 - INFO - Payment for Sare Aliyatou imported successfully.
2025-02-26 13:01:02,914 - INFO - Payment for Tassembedo  Abdoul Waagid imported successfully.
2025-02-26 13:01:02,938 - INFO - Payment for Colompare  Weyira Miracle Loïs imported successfully.
2025-02-26 13:01:02,959 - INFO - Payment for Lirasse  Anekogo Jerome  imported successfully.
2025-02-26 13:01:02,986 - INFO - Payment for Tassembedo  Abdoul Maguid  imported successfully.
2025-02-26 13:01:03,004 - INFO - Payment for Sanou Larissa imported successfully.
2025-02-26 13:01:03,027 - INFO - Payment for Sanou Larissa imported successfully.
2025-02-26 13:01:03,042 - INFO - Payment for Kabre Jean Bertrand Wendkouni imported successfully.
2025-02-26 13:01:03,054 - INFO - Payment for Tiema  Wendpanga Hicham Edem Sunrise imported successfully.
2025-02-26 13:01:03,073 - INFO - Payment for Goumbane Ismael imported successfully.
2025-02-26 13:01:03,094 - INFO - Payment for Tiemtore W. Josias imported successfully.
2025-02-26 13:01:03,113 - INFO - Payment for Kabre K. Berenger imported successfully.
2025-02-26 13:01:03,130 - INFO - Payment for Tassembedo  Abdoul Maguid  imported successfully.
2025-02-26 13:01:03,143 - INFO - Payment for Tiema  Wendpanga Hicham Edem Sunrise imported successfully.
2025-02-26 13:01:03,161 - INFO - Payment for Tiemtore  Wend-vie Betsaleel imported successfully.
2025-02-26 13:01:03,180 - INFO - Payment for Diapa  Dimitri  imported successfully.
2025-02-26 13:01:03,194 - INFO - Payment for Tassembedo  Abdoul Waagid imported successfully.
2025-02-26 13:01:03,209 - INFO - Payment for Tiema  Wendpanga Hicham Edem Sunrise imported successfully.
2025-02-26 13:01:03,223 - INFO - Payment for Congo Cheick Oumar Mohamed imported successfully.
2025-02-26 13:01:03,236 - INFO - Payment for Kabore Sabane imported successfully.
2025-02-26 13:01:03,249 - INFO - Payment for Simpore Risnata imported successfully.
2025-02-26 13:01:03,264 - INFO - Payment for Bouda  G. Steve Vladimir imported successfully.
2025-02-26 13:01:03,283 - INFO - Payment for Sawadogo Harouna imported successfully.
2025-02-26 13:01:03,296 - INFO - Payment for Soudre Abdoul Mohamine imported successfully.
2025-02-26 13:01:03,310 - INFO - Payment for Sare Wafa imported successfully.
2025-02-26 13:01:03,324 - INFO - Payment for Billa Taslimatou Fatimata imported successfully.
2025-02-26 13:01:03,341 - INFO - Payment for Bouda  G. Steve Vladimir imported successfully.
2025-02-26 13:01:03,355 - INFO - Payment for Simpore Risnata imported successfully.
2025-02-26 13:01:03,372 - INFO - Payment for Ouedraogo Daouda imported successfully.
2025-02-26 13:01:03,392 - INFO - Payment for Sore  Abdoul Gani imported successfully.
2025-02-26 13:01:03,411 - INFO - Payment for Sawadogo  Sougr-Nooma Abdoul Nassir  imported successfully.
2025-02-26 13:01:03,433 - INFO - Payment for Congo Faouzia imported successfully.
2025-02-26 13:01:03,455 - INFO - Payment for Lengane  Aminata  imported successfully.
2025-02-26 13:01:03,476 - INFO - Payment for Nikiema Laureine imported successfully.
2025-02-26 13:01:03,499 - INFO - Payment for Kiendrebeogo  Guetawende Amirir imported successfully.
2025-02-26 13:01:03,519 - INFO - Payment for Sawadogo  Apolinnaire Wilfried Wamalgda imported successfully.
2025-02-26 13:01:03,542 - INFO - Payment for Bouda Grace Alexandra imported successfully.
2025-02-26 13:01:03,565 - INFO - Payment for Congo Cheick Oumar Mohamed imported successfully.
2025-02-26 13:01:03,584 - INFO - Payment for Sawadogo  Apolinnaire Wilfried Wamalgda imported successfully.
2025-02-26 13:01:03,600 - INFO - Payment for Kiendrebeogo Abdoul Maguid  imported successfully.
2025-02-26 13:01:03,612 - INFO - Payment for Ouedraogo Daouda imported successfully.
2025-02-26 13:01:03,628 - INFO - Payment for Thiombiano P. Jeannette imported successfully.
2025-02-26 13:01:03,650 - INFO - Payment for Kongo  Mawada Zeinabou imported successfully.
2025-02-26 13:01:03,667 - INFO - Payment for Compaore Aisseta imported successfully.
2025-02-26 13:01:03,681 - INFO - Payment for Simpore  Cheick Ibrahim imported successfully.
2025-02-26 13:01:03,698 - INFO - Payment for Lengani Issouf imported successfully.
2025-02-26 13:01:03,718 - INFO - Payment for Sore  Abdoul Gani imported successfully.
2025-02-26 13:01:03,737 - INFO - Payment for Ouedraogo Roukietou imported successfully.
2025-02-26 13:01:03,750 - INFO - Payment for Simpore  Cheick Ibrahim imported successfully.
2025-02-26 13:01:03,763 - INFO - Payment for Thiombiano P. Jeannette imported successfully.
2025-02-26 13:01:03,782 - INFO - Payment for Kongo  Mawada Zeinabou imported successfully.
2025-02-26 13:01:03,804 - INFO - Payment for Kabore  Hadidja imported successfully.
2025-02-26 13:01:03,826 - INFO - Payment for Sawadogo  Sougr-Nooma Abdoul Nassir  imported successfully.
2025-02-26 13:01:03,842 - INFO - Payment for Kiema  Wend-So Charles le-Bon imported successfully.
2025-02-26 13:01:03,867 - INFO - Payment for Kiema  Wend-So Charles le-Bon imported successfully.
2025-02-26 13:01:03,890 - INFO - Payment for Sawadogo Oumoul Salim imported successfully.
2025-02-26 13:01:03,911 - INFO - Payment for Kabore Bachiratou imported successfully.
2025-02-26 13:01:03,926 - INFO - Payment for Nacoulma Rafiatou imported successfully.
2025-02-26 13:01:03,941 - INFO - Payment for Simpore Layilatou imported successfully.
2025-02-26 13:01:03,953 - INFO - Payment for Compaore Rihanata imported successfully.
2025-02-26 13:01:03,968 - INFO - Payment for Ouedraogo Deborah Tinwende imported successfully.
2025-02-26 13:01:03,981 - INFO - Payment for Kabre Elise imported successfully.
2025-02-26 13:01:04,001 - INFO - Payment for Kiema T. Olga imported successfully.
2025-02-26 13:01:04,024 - INFO - Payment for Kiendrebeogo  Guetawende Amirir imported successfully.
2025-02-26 13:01:04,040 - INFO - Payment for Kongo  Mawada Zeinabou imported successfully.
2025-02-26 13:01:04,056 - INFO - Payment for Compaore Balguissou imported successfully.
2025-02-26 13:01:04,078 - INFO - Payment for Sore  Abdoul Gani imported successfully.
2025-02-26 13:01:04,093 - INFO - Payment for Ouedraogo Nathanael imported successfully.
2025-02-26 13:01:04,108 - INFO - Payment for Zoungrana Aimane imported successfully.
2025-02-26 13:01:04,125 - INFO - Payment for Kiendrebeogo Abdoul Maguid  imported successfully.
2025-02-26 13:01:04,141 - INFO - Payment for Bouda Deborah Emmanuelle imported successfully.
2025-02-26 13:01:04,162 - INFO - Payment for Bonzi Kamel imported successfully.
2025-02-26 13:01:04,183 - INFO - Payment for Compaore Abdoul Halim imported successfully.
2025-02-26 13:01:04,203 - INFO - Payment for Ilboudo  Landry Ulrich  imported successfully.
2025-02-26 13:01:04,225 - INFO - Payment for Compaore Djaouratou imported successfully.
2025-02-26 13:01:04,242 - INFO - Payment for Bouda Wendpanga Clovis imported successfully.
2025-02-26 13:01:04,255 - INFO - Payment for Guigma  Abdoul Halim 2eme jumeau imported successfully.
2025-02-26 13:01:04,271 - INFO - Payment for Tiendrebeogo Wendso Christ-vie imported successfully.
2025-02-26 13:01:04,284 - INFO - Payment for Some Nebnow Salvador Casimir imported successfully.
2025-02-26 13:01:04,296 - INFO - Payment for Nikiema Samira imported successfully.
2025-02-26 13:01:04,308 - INFO - Payment for Kabore Mouhaz Amin imported successfully.
2025-02-26 13:01:04,321 - INFO - Payment for Guigma Adboul Alim imported successfully.
2025-02-26 13:01:04,338 - INFO - Payment for Kiemtore Yasmine imported successfully.
2025-02-26 13:01:04,354 - INFO - Payment for Kiemtore Yasmine imported successfully.
2025-02-26 13:01:04,367 - INFO - Payment for Tiendrebeogo Wendso Christ-vie imported successfully.
2025-02-26 13:01:04,379 - INFO - Payment for Kuela Romeo imported successfully.
2025-02-26 13:01:04,392 - INFO - Payment for Ilboudo  Landry Ulrich  imported successfully.
2025-02-26 13:01:04,408 - INFO - Payment for Nikiema  Abdoul Said Rayanemanegré imported successfully.
2025-02-26 13:01:04,427 - INFO - Payment for Tiemtore Lamoussa Rosine imported successfully.
2025-02-26 13:01:04,448 - INFO - Payment for Tiemtore Lamoussa Rosine imported successfully.
2025-02-26 13:01:04,473 - INFO - Payment for Tiendrebeogo Abdoul Ganilou imported successfully.
2025-02-26 13:01:04,492 - INFO - Payment for Gouem Boukare Morgan imported successfully.
2025-02-26 13:01:04,506 - INFO - Payment for Zedouma  Rihanata  imported successfully.
2025-02-26 13:01:04,523 - INFO - Payment for Zedouma  Rihanata  imported successfully.
2025-02-26 13:01:04,546 - INFO - Payment for Gounabou Weykiga Rachel imported successfully.
2025-02-26 13:01:04,569 - INFO - Payment for Ilboudo  Grace Baowende Bereniche imported successfully.
2025-02-26 13:01:04,591 - INFO - Payment for Sane  Abdoul Bassit  imported successfully.
2025-02-26 13:01:04,613 - INFO - Payment for Zabpaodre  Isidore imported successfully.
2025-02-26 13:01:04,633 - INFO - Payment for Kiendrebeogo  Basseninwende Eliazer David imported successfully.
2025-02-26 13:01:04,651 - INFO - Payment for Belemsigri  Fulbert  imported successfully.
2025-02-26 13:01:04,675 - INFO - Payment for Sore  Mohamed Amine  imported successfully.
2025-02-26 13:01:04,697 - INFO - Payment for Compaore  Abdoul Sabour imported successfully.
2025-02-26 13:01:04,715 - INFO - Payment for Konvolbo  Imelda Lamoussa Edith imported successfully.
2025-02-26 13:01:04,731 - INFO - Payment for Kombassere  Mohazou imported successfully.
2025-02-26 13:01:04,746 - INFO - Payment for Sore  Mohamed Amine  imported successfully.
2025-02-26 13:01:04,768 - INFO - Payment for Tassembedo  Mashhoud imported successfully.
2025-02-26 13:01:04,789 - INFO - Payment for Sangna  Eric Ismaïla Achille  imported successfully.
2025-02-26 13:01:04,806 - INFO - Payment for Ilboudo Arsene imported successfully.
2025-02-26 13:01:04,828 - INFO - Payment for Bismoiga P. Oumaimata imported successfully.
2025-02-26 13:01:04,851 - INFO - Payment for Konate  Malicka  imported successfully.
2025-02-26 13:01:04,869 - INFO - Payment for Kiendrebeogo  Basseninwende Eliazer David imported successfully.
2025-02-26 13:01:04,888 - INFO - Payment for Konate  Malicka  imported successfully.
2025-02-26 13:01:04,904 - INFO - Payment for Compaore  Abdoul Sabour imported successfully.
2025-02-26 13:01:04,925 - INFO - Payment for Sakande  Abdoul Gafarou imported successfully.
2025-02-26 13:01:04,945 - INFO - Payment for Compaore  Bouchratou imported successfully.
2025-02-26 13:01:04,966 - INFO - Payment for Ilboudo  Grace Baowende Bereniche imported successfully.
2025-02-26 13:01:04,988 - INFO - Payment for Compaore  Bouchratou imported successfully.
2025-02-26 13:01:05,008 - INFO - Payment for Bance  Ashraf imported successfully.
2025-02-26 13:01:05,029 - INFO - Payment for Bance  Ashraf imported successfully.
2025-02-26 13:01:05,049 - INFO - Payment for Compaore  Bouchratou imported successfully.
2025-02-26 13:01:05,066 - INFO - Payment for Kagambega  Kiswendssida Jacques imported successfully.
2025-02-26 13:01:05,085 - INFO - Payment for Ouedraogo Cheick Moubarack imported successfully.
2025-02-26 13:01:05,104 - INFO - Payment for Bikienga  Abdallah imported successfully.
2025-02-26 13:01:05,124 - INFO - Payment for Bismoiga P. Oumaimata imported successfully.
2025-02-26 13:01:05,143 - INFO - Payment for Zoungrana  Samadou imported successfully.
2025-02-26 13:01:05,162 - INFO - Payment for Nikiema  Bibata  imported successfully.
2025-02-26 13:01:05,181 - INFO - Payment for Rouamba  Aliatou imported successfully.
2025-02-26 13:01:05,199 - INFO - Payment for Sangna  Eric Ismaïla Achille  imported successfully.
2025-02-26 13:01:05,218 - INFO - Payment for Silga  Nouriatou imported successfully.
2025-02-26 13:01:05,236 - INFO - Payment for Baga  Pelagie Wend Puire imported successfully.
2025-02-26 13:01:05,258 - INFO - Payment for Kombassere  Mohazou imported successfully.
2025-02-26 13:01:05,284 - INFO - Payment for Kiemtore Peng-Benin wende Hilarie Tanya imported successfully.
2025-02-26 13:01:05,307 - INFO - Payment for Sorgho W Jean Armel imported successfully.
2025-02-26 13:01:05,329 - INFO - Payment for Tassembedo  Mashhoud imported successfully.
2025-02-26 13:01:05,346 - INFO - Payment for Sawadogo  Myra Faïsa Maïsharatou imported successfully.
2025-02-26 13:01:05,364 - INFO - Payment for Ilboudo Arsene imported successfully.
2025-02-26 13:01:05,386 - INFO - Payment for Bance Haoulatou imported successfully.
2025-02-26 13:01:05,409 - INFO - Payment for Silga  Nouriatou imported successfully.
2025-02-26 13:01:05,430 - INFO - Payment for Konvolbo  Imelda Lamoussa Edith imported successfully.
2025-02-26 13:01:05,451 - INFO - Payment for Sore  Mohamed Amine  imported successfully.
2025-02-26 13:01:05,471 - INFO - Payment for Ilboudo Charles Borromee imported successfully.
2025-02-26 13:01:05,493 - INFO - Payment for Bance  Ashraf imported successfully.
2025-02-26 13:01:05,514 - INFO - Payment for Bikienga  Abdallah imported successfully.
2025-02-26 13:01:05,533 - INFO - Payment for Konate  Malicka  imported successfully.
2025-02-26 13:01:05,556 - INFO - Payment for Noufe Julia Amaël Emeraude imported successfully.
2025-02-26 13:01:05,580 - INFO - Payment for Sawadogo  Joceline  Wenddabo imported successfully.
2025-02-26 13:01:05,599 - INFO - Payment for Yougbare   Abdoul Razack imported successfully.
2025-02-26 13:01:05,622 - INFO - Payment for Kombassere  Mohazou imported successfully.
2025-02-26 13:01:05,645 - INFO - Payment for Rouamba Nadine imported successfully.
2025-02-26 13:01:05,665 - INFO - Payment for Tassembedo  Mashhoud imported successfully.
2025-02-26 13:01:05,686 - INFO - Payment for Kiendrebeogo  Basseninwende Eliazer David imported successfully.
2025-02-26 13:01:05,709 - INFO - Payment for Nikiema  Bibata  imported successfully.
2025-02-26 13:01:05,728 - INFO - Payment for Zoungrana  Pendwende Abdoul Hakim imported successfully.
2025-02-26 13:01:05,742 - INFO - Payment for Compaore  Abdoul Sabour imported successfully.
2025-02-26 13:01:05,759 - INFO - Payment for Compaore  Soumaya  imported successfully.
2025-02-26 13:01:05,777 - INFO - Payment for Yougbare   Abdoul Razack imported successfully.
2025-02-26 13:01:05,795 - INFO - Payment for Traore Tetoi Salim imported successfully.
2025-02-26 13:01:05,814 - INFO - Payment for Compaore  Soumaya  imported successfully.
2025-02-26 13:01:05,834 - INFO - Payment for Sawadogo  Myra Faïsa Maïsharatou imported successfully.
2025-02-26 13:01:05,853 - INFO - Payment for Sakande  Abdoul Gafarou imported successfully.
2025-02-26 13:01:05,869 - INFO - Payment for Silga  Nouriatou imported successfully.
2025-02-26 13:01:05,881 - INFO - Payment for Gasbeogo Justin imported successfully.
2025-02-26 13:01:05,894 - INFO - Payment for Kagambega  Kiswendssida Jacques imported successfully.
2025-02-26 13:01:05,908 - INFO - Payment for Sawadogo  Myra Faïsa Maïsharatou imported successfully.
2025-02-26 13:01:05,924 - INFO - Payment for Zoungrana  Pendwende Abdoul Hakim imported successfully.
2025-02-26 13:01:05,942 - INFO - Payment for Kagambega  Kiswendssida Jacques imported successfully.
2025-02-26 13:01:05,960 - INFO - Payment for Rouamba  Aliatou imported successfully.
2025-02-26 13:01:05,985 - INFO - Payment for Zoungrana  Samadou imported successfully.
2025-02-26 13:01:06,000 - INFO - Payment for Ilboudo  Grace Baowende Bereniche imported successfully.
2025-02-26 13:01:06,024 - INFO - Payment for Rouamba  Aliatou imported successfully.
2025-02-26 13:01:06,039 - INFO - Payment for Nikiema Wendkouni Emeline imported successfully.
2025-02-26 13:01:06,054 - INFO - Payment for Baga  Pelagie Wend Puire imported successfully.
2025-02-26 13:01:06,070 - INFO - Payment for Tassembedo  Mashhoud imported successfully.
2025-02-26 13:01:06,084 - INFO - Payment for Bikienga  Abdallah imported successfully.
2025-02-26 13:01:06,109 - INFO - Payment for Yougbare   Abdoul Razack imported successfully.
2025-02-26 13:01:06,124 - INFO - Payment for Sawadogo  Joceline  Wenddabo imported successfully.
2025-02-26 13:01:06,136 - INFO - Payment for Compaore  Soumaya  imported successfully.
2025-02-26 13:01:06,153 - INFO - Payment for Kiemtore Peng-Benin wende Hilarie Tanya imported successfully.
2025-02-26 13:01:06,169 - INFO - Payment for Nikiema  Bibata  imported successfully.
2025-02-26 13:01:06,184 - INFO - Payment for Tapsoba Elise 1Er Jumeau imported successfully.
2025-02-26 13:01:06,201 - INFO - Payment for Balma  Amir imported successfully.
2025-02-26 13:01:06,217 - INFO - Payment for Balma  Amir imported successfully.
2025-02-26 13:01:06,233 - INFO - Payment for Rouamba  Aliatou imported successfully.
2025-02-26 13:01:06,254 - INFO - Payment for Zoungrana  Samadou imported successfully.
2025-02-26 13:01:06,272 - INFO - Payment for Sore  Mohamed Amine  imported successfully.
2025-02-26 13:01:06,293 - INFO - Payment for Ilboudo Charles Borromee imported successfully.
2025-02-26 13:01:06,316 - INFO - Payment for Baga  Pelagie Wend Puire imported successfully.
2025-02-26 13:01:06,335 - INFO - Payment for Konvolbo  Imelda Lamoussa Edith imported successfully.
2025-02-26 13:01:06,359 - INFO - Payment for Kiemtore Peng-Benin wende Hilarie Tanya imported successfully.
2025-02-26 13:01:06,381 - INFO - Payment for Zoungrana  Pendwende Abdoul Hakim imported successfully.
2025-02-26 13:01:06,397 - INFO - Payment for Bilgo Mahamadi Djamane Dinni imported successfully.
2025-02-26 13:01:06,408 - INFO - Payment for Sawadogo  Joceline  Wenddabo imported successfully.
2025-02-26 13:01:06,419 - INFO - Payment for Tapsoba Elie imported successfully.
2025-02-26 13:01:06,429 - INFO - Payment for Bilgo Mahamadi Djamane Dinni imported successfully.
2025-02-26 13:01:06,441 - INFO - Payment for Sakande  Abdoul Gafarou imported successfully.
2025-02-26 13:01:06,452 - INFO - Payment for Traore  Tefiè Mouslim imported successfully.
2025-02-26 13:01:06,463 - INFO - Payment for Sangna  Eric Ismaïla Achille  imported successfully.
2025-02-26 13:01:06,476 - INFO - Payment for Lengane Amdiatou imported successfully.
2025-02-26 13:01:06,488 - INFO - Payment for Sawadogo Kiswendsida Felicite Grace imported successfully.
2025-02-26 13:01:06,499 - INFO - Payment for Monean  Gael imported successfully.
2025-02-26 13:01:06,514 - INFO - Payment for Zoundi Stanislas imported successfully.
2025-02-26 13:01:06,526 - INFO - Payment for Ayo Chaidatou imported successfully.
2025-02-26 13:01:06,537 - INFO - Payment for Sawadogo  Nouriatou imported successfully.
2025-02-26 13:01:06,549 - INFO - Payment for Congo Abdine imported successfully.
2025-02-26 13:01:06,564 - INFO - Payment for Belem Sougrooma Azaph Kevin imported successfully.
2025-02-26 13:01:06,576 - INFO - Payment for Zoungrana  Ibrahim  imported successfully.
2025-02-26 13:01:06,590 - INFO - Payment for Dipama  Wendkouni Jeanne  imported successfully.
2025-02-26 13:01:06,603 - INFO - Payment for Sanfo Samhan  imported successfully.
2025-02-26 13:01:06,615 - INFO - Payment for Zoungrana Abdoul Razack imported successfully.
2025-02-26 13:01:06,627 - INFO - Payment for Monean  Gael imported successfully.
2025-02-26 13:01:06,641 - INFO - Payment for Kongo  Hassane imported successfully.
2025-02-26 13:01:06,653 - INFO - Payment for Hien  Youorkiè Laurianne imported successfully.
2025-02-26 13:01:06,664 - INFO - Payment for Zoungrana  Austin Pabegwende Prince  imported successfully.
2025-02-26 13:01:06,675 - INFO - Payment for Banga Oksana imported successfully.
2025-02-26 13:01:06,687 - INFO - Payment for Lengane  Oumeima imported successfully.
2025-02-26 13:01:06,703 - INFO - Payment for Bonkoungou  Wendkouni Salome imported successfully.
2025-02-26 13:01:06,716 - INFO - Payment for Dipama  Wendkouni Jeanne  imported successfully.
2025-02-26 13:01:06,731 - INFO - Payment for Ayo Chaidatou imported successfully.
2025-02-26 13:01:06,748 - INFO - Payment for Sanfo Samhan  imported successfully.
2025-02-26 13:01:06,764 - INFO - Payment for Kientega Viviane imported successfully.
2025-02-26 13:01:06,783 - INFO - Payment for Belem Sougrooma Azaph Kevin imported successfully.
2025-02-26 13:01:06,800 - INFO - Payment for Sawadogo  Nouriatou imported successfully.
2025-02-26 13:01:06,820 - INFO - Payment for Ouedraogo Aïdatou imported successfully.
2025-02-26 13:01:06,843 - INFO - Payment for Houarobou Ouessodibam Raphael imported successfully.
2025-02-26 13:01:06,862 - INFO - Payment for Ouedraogo Aïdatou imported successfully.
2025-02-26 13:01:06,888 - INFO - Payment for Zoungrana  Austin Pabegwende Prince  imported successfully.
2025-02-26 13:01:06,908 - INFO - Payment for Congo Abdine imported successfully.
2025-02-26 13:01:06,927 - INFO - Payment for Sanfo Samhan  imported successfully.
2025-02-26 13:01:06,942 - INFO - Payment for Ouédraogo Pendgwende Balguissa imported successfully.
2025-02-26 13:01:06,959 - INFO - Payment for Monean  Gael imported successfully.
2025-02-26 13:01:06,973 - INFO - Payment for Soulia  Aroune Mohamed Assad Yiyandin imported successfully.
2025-02-26 13:01:06,991 - INFO - Payment for Ouédraogo Pendgwende Balguissa imported successfully.
2025-02-26 13:01:07,005 - INFO - Payment for Bonkoungou  Wendkouni Salome imported successfully.
2025-02-26 13:01:07,017 - INFO - Payment for Ouédraogo Pendgwende Balguissa imported successfully.
2025-02-26 13:01:07,028 - INFO - Payment for Sagne  Adja Mamounata imported successfully.
2025-02-26 13:01:07,040 - INFO - Payment for Dipama  Wendkouni Jeanne  imported successfully.
2025-02-26 13:01:07,055 - INFO - Payment for Nacoulma  Wendinmi Fabiola  imported successfully.
2025-02-26 13:01:07,072 - INFO - Payment for Compaore  Wendinso Adriell imported successfully.
2025-02-26 13:01:07,087 - INFO - Payment for Sana  Cheick Ibrahim Saalou imported successfully.
2025-02-26 13:01:07,097 - INFO - Payment for Bonkoungou  Wendkouni Salome imported successfully.
2025-02-26 13:01:07,109 - INFO - Payment for Zoungrana  Ibrahim  imported successfully.
2025-02-26 13:01:07,121 - INFO - Payment for Houarobou Ouessodibam Raphael imported successfully.
2025-02-26 13:01:07,131 - INFO - Payment for Denne Amira Yassine imported successfully.
2025-02-26 13:01:07,145 - INFO - Payment for Banga Oksana imported successfully.
2025-02-26 13:01:07,157 - INFO - Payment for Bilgo Rabiatou imported successfully.
2025-02-26 13:01:07,176 - INFO - Payment for Lengane  Oumeima imported successfully.
2025-02-26 13:01:07,188 - INFO - Payment for Zongo Abdoul Mahmine imported successfully.
2025-02-26 13:01:07,201 - INFO - Payment for Atibie Wenyim Josiane Triomphe imported successfully.
2025-02-26 13:01:07,212 - INFO - Payment for Zoungrana Abdoul Maguid imported successfully.
2025-02-26 13:01:07,223 - INFO - Payment for Lengane  Oumeima imported successfully.
2025-02-26 13:01:07,234 - INFO - Payment for Conombo Mami Salamata imported successfully.
2025-02-26 13:01:07,244 - INFO - Payment for Sana  Cheick Ibrahim Saalou imported successfully.
2025-02-26 13:01:07,254 - INFO - Payment for Nana Wendkouni Romaine imported successfully.
2025-02-26 13:01:07,265 - INFO - Payment for Sawadogo  Nouriatou imported successfully.
2025-02-26 13:01:07,276 - INFO - Payment for Nikiema Jean Raphael imported successfully.
2025-02-26 13:01:07,286 - INFO - Payment for Sana Oumoul Salim imported successfully.
2025-02-26 13:01:07,296 - INFO - Payment for Kiema Wendmalgda Ingrid imported successfully.
2025-02-26 13:01:07,306 - INFO - Payment for Sawadogo Wendmangda Rolande imported successfully.
2025-02-26 13:01:07,320 - INFO - Payment for Houarobou Ouessodibam Raphael imported successfully.
2025-02-26 13:01:07,331 - INFO - Payment for Taita Wendyam Jorus Aubin imported successfully.
2025-02-26 13:01:07,342 - INFO - Payment for Bakouan Ydia Faical imported successfully.
2025-02-26 13:01:07,354 - INFO - Payment for Congo Abdine imported successfully.
2025-02-26 13:01:07,366 - INFO - Payment for Nassa  Kiswendsida Abdoul Maguid imported successfully.
2025-02-26 13:01:07,379 - INFO - Payment for Tiendrebeogo W. Azaël imported successfully.
2025-02-26 13:01:07,391 - INFO - Payment for Kiema Wendmalgda Ingrid imported successfully.
2025-02-26 13:01:07,404 - INFO - Payment for Rabo Ridwane imported successfully.
2025-02-26 13:01:07,414 - INFO - Payment for Nassa  Kiswendsida Abdoul Maguid imported successfully.
2025-02-26 13:01:07,425 - INFO - Payment for Nikiema Jean Michel imported successfully.
2025-02-26 13:01:07,435 - INFO - Payment for Hien  Youorkiè Laurianne imported successfully.
2025-02-26 13:01:07,445 - INFO - Payment for Kouda Yasmina imported successfully.
2025-02-26 13:01:07,457 - INFO - Payment for Zoungrana Abdoul Galilou imported successfully.
2025-02-26 13:01:07,468 - INFO - Payment for Denne Amira Yassine imported successfully.
2025-02-26 13:01:07,478 - INFO - Payment for Banga Oksana imported successfully.
2025-02-26 13:01:07,487 - INFO - Payment for Atibie Wenyim Josiane Triomphe imported successfully.
2025-02-26 13:01:07,497 - INFO - Payment for Ouedraogo Aïdatou imported successfully.
2025-02-26 13:01:07,508 - INFO - Payment for Nassa  Kiswendsida Abdoul Maguid imported successfully.
2025-02-26 13:01:07,523 - INFO - Payment for Hien  Youorkiè Laurianne imported successfully.
2025-02-26 13:01:07,534 - INFO - Payment for Sana  Cheick Ibrahim Saalou imported successfully.
2025-02-26 13:01:07,547 - INFO - Payment for Nacoulma  Wendinmi Fabiola  imported successfully.
2025-02-26 13:01:07,558 - INFO - Payment for Sawadogo Wendmangda Rolande imported successfully.
2025-02-26 13:01:07,571 - INFO - Payment for Nana Wendkouni Romaine imported successfully.
2025-02-26 13:01:07,583 - INFO - Payment for Kongo  Hassane imported successfully.
2025-02-26 13:01:07,593 - INFO - Payment for Compaore  Wendinso Adriell imported successfully.
2025-02-26 13:01:07,604 - INFO - Payment for Zongo Abdoul Mahmine imported successfully.
2025-02-26 13:01:07,618 - INFO - Payment for Bakouan Ydia Faical imported successfully.
2025-02-26 13:01:07,629 - INFO - Payment for Kongo  Hassane imported successfully.
2025-02-26 13:01:07,644 - INFO - Payment for Kongo  Hassane imported successfully.
2025-02-26 13:01:07,657 - INFO - Payment for Sagne  Adja Mamounata imported successfully.
2025-02-26 13:01:07,668 - INFO - Payment for Nacoulma  Cheick imported successfully.
2025-02-26 13:01:07,682 - INFO - Payment for Nacoulma  Cheick imported successfully.
2025-02-26 13:01:07,692 - INFO - Payment for Belem Sougrooma Azaph Kevin imported successfully.
2025-02-26 13:01:07,703 - INFO - Payment for Sana  Cheick Ibrahim Saalou imported successfully.
2025-02-26 13:01:07,714 - INFO - Payment for Nacoulma  Wendinmi Fabiola  imported successfully.
2025-02-26 13:01:07,728 - INFO - Payment for Bakouan Ydia Faical imported successfully.
2025-02-26 13:01:07,739 - INFO - Payment for Nikiema Abdoul Bassit  imported successfully.
2025-02-26 13:01:07,749 - INFO - Payment for Zoungrana  Austin Pabegwende Prince  imported successfully.
2025-02-26 13:01:07,760 - INFO - Payment for Sagne  Adja Mamounata imported successfully.
2025-02-26 13:01:07,770 - INFO - Payment for Sanfo Samhan  imported successfully.
2025-02-26 13:01:07,780 - INFO - Payment for Zongo Abdoul Mahmine imported successfully.
2025-02-26 13:01:07,791 - INFO - Payment for Sawadogo Wendmangda Rolande imported successfully.
2025-02-26 13:01:07,801 - INFO - Payment for Soulia  Aroune Mohamed Assad Yiyandin imported successfully.
2025-02-26 13:01:07,815 - INFO - Payment for Ayo Chaidatou imported successfully.
2025-02-26 13:01:07,829 - INFO - Payment for Nacoulma  Wendinmi Fabiola  imported successfully.
2025-02-26 13:01:07,840 - INFO - Payment for Kiema Wendmalgda Ingrid imported successfully.
2025-02-26 13:01:07,851 - INFO - Payment for Bilgo Yousra imported successfully.
2025-02-26 13:01:07,862 - INFO - Payment for Nacoulma  Cheick imported successfully.
2025-02-26 13:01:07,872 - INFO - Payment for Ouedraogo Abdoul Hafiz imported successfully.
2025-02-26 13:01:07,882 - INFO - Payment for Ilboudo  Nelsonne  imported successfully.
2025-02-26 13:01:07,893 - INFO - Payment for Ilboudo  Nelsonne  imported successfully.
2025-02-26 13:01:07,903 - INFO - Payment for Ouedraogo Ibrahim imported successfully.
2025-02-26 13:01:07,915 - INFO - Payment for Nion  Ouessono Kevin imported successfully.
2025-02-26 13:01:07,928 - INFO - Payment for Dipama Mohamadi imported successfully.
2025-02-26 13:01:07,942 - INFO - Payment for Ilboudo Assiatou imported successfully.
2025-02-26 13:01:07,956 - INFO - Payment for Ilboudo Assiatou imported successfully.
2025-02-26 13:01:07,971 - INFO - Payment for Kabre  Abdoul Razack imported successfully.
2025-02-26 13:01:07,986 - INFO - Payment for Ilboudo Raïssa imported successfully.
2025-02-26 13:01:08,002 - INFO - Payment for Ilboudo Raïssa imported successfully.
2025-02-26 13:01:08,017 - INFO - Payment for Sore Abdoul Razack imported successfully.
2025-02-26 13:01:08,033 - INFO - Payment for Kabre  Abdoul Razack imported successfully.
2025-02-26 13:01:08,047 - INFO - Payment for Bikienga Aïchatou imported successfully.
2025-02-26 13:01:08,062 - INFO - Payment for Nion  Ouessono Kevin imported successfully.
2025-02-26 13:01:08,081 - INFO - Payment for Koubatora  Wepooni Eleazar Josue imported successfully.
2025-02-26 13:01:08,103 - INFO - Payment for Zoumbare Arienne imported successfully.
2025-02-26 13:01:08,128 - INFO - Payment for Yougbare Emmanuel Ramadan imported successfully.
2025-02-26 13:01:08,153 - INFO - Payment for Passere  Mohamadi imported successfully.
2025-02-26 13:01:08,176 - INFO - Payment for Koubatora  Wepooni Eleazar Josue imported successfully.
2025-02-26 13:01:08,200 - INFO - Payment for Passere  Mohamadi imported successfully.
2025-02-26 13:01:08,266 - INFO - Payment for Passere  Mohamadi imported successfully.
2025-02-26 13:01:08,374 - INFO - Payment for Bazie Aymar Alphaniste imported successfully.
2025-02-26 13:01:08,458 - INFO - Payment for Savadogo  Glwadys Marie Wendtoin imported successfully.
2025-02-26 13:01:08,561 - INFO - Payment for Congo Nouriatou imported successfully.
2025-02-26 13:01:08,706 - INFO - Payment for Boulio Cheick Mohazou imported successfully.
2025-02-26 13:01:08,813 - INFO - Payment for Compaore Rasmata imported successfully.
2025-02-26 13:01:08,912 - INFO - Payment for Bazie Aymar Alphaniste imported successfully.
2025-02-26 13:01:08,978 - INFO - Payment for Zoungrana  Carlos Wendkouni Isidore imported successfully.
2025-02-26 13:01:09,097 - INFO - Payment for Ilboudo Aliyatou imported successfully.
2025-02-26 13:01:09,212 - INFO - Payment for Nacoulma Fahimatou imported successfully.
2025-02-26 13:01:09,335 - INFO - Payment for Sakande  Saalim imported successfully.
2025-02-26 13:01:09,474 - INFO - Payment for Dimbone Hamza imported successfully.
2025-02-26 13:01:09,560 - INFO - Payment for Tapsoba  Faizatou  imported successfully.
2025-02-26 13:01:09,642 - INFO - Payment for Bere  Neimatou imported successfully.
2025-02-26 13:01:09,757 - INFO - Payment for Sana  Mohamed Amin imported successfully.
2025-02-26 13:01:09,862 - INFO - Payment for Sakande  Saalim imported successfully.
2025-02-26 13:01:09,928 - INFO - Payment for Congo Abdoul Wahab imported successfully.
2025-02-26 13:01:10,000 - INFO - Payment for Nikiema  Wend-Kuni Ibrahim imported successfully.
2025-02-26 13:01:10,176 - INFO - Payment for Ilboudo Nafissatou imported successfully.
2025-02-26 13:01:10,322 - INFO - Payment for Passere Nafissatou imported successfully.
2025-02-26 13:01:10,393 - INFO - Payment for Compaore Abou Soufiane imported successfully.
2025-02-26 13:01:10,478 - INFO - Payment for Tiendrebeogo W. Epiphane imported successfully.
2025-02-26 13:01:10,592 - INFO - Payment for Zongo Yissono Audrey Oceanne imported successfully.
2025-02-26 13:01:10,700 - INFO - Payment for Ilboudo Nafissatou imported successfully.
2025-02-26 13:01:10,797 - INFO - Payment for Nikiema  Wendtoin Nohan Anicet imported successfully.
2025-02-26 13:01:10,881 - INFO - Payment for Nikiema Cheick Rayane  imported successfully.
2025-02-26 13:01:10,977 - INFO - Payment for Ouedraogo Nonguisida Abdoulaye imported successfully.
2025-02-26 13:01:11,056 - INFO - Payment for Sana  Mohamed Amin imported successfully.
2025-02-26 13:01:11,152 - INFO - Payment for Ilboudo Evariste Wendlassida imported successfully.
2025-02-26 13:01:11,221 - INFO - Payment for Gounabou Gouyire Olivier imported successfully.
2025-02-26 13:01:11,312 - INFO - Payment for Sakande  Saalim imported successfully.
2025-02-26 13:01:11,394 - INFO - Payment for Congo Abdoul Gani imported successfully.
2025-02-26 13:01:11,505 - INFO - Payment for Sana  Mohamed Amin imported successfully.
2025-02-26 13:01:11,595 - INFO - Payment for Nikiema  Wend-Kuni Ibrahim imported successfully.
2025-02-26 13:01:11,700 - INFO - Payment for Nikiema  Wendtoin Nohan Anicet imported successfully.
2025-02-26 13:01:11,790 - INFO - Payment for Kinda Abdoul Mouhaz imported successfully.
2025-02-26 13:01:11,880 - INFO - Payment for Tiendrebeogo Rakiswende Dimitri imported successfully.
2025-02-26 13:01:11,939 - INFO - Payment for Zoungrana W. Adja Rasma imported successfully.
2025-02-26 13:01:12,030 - INFO - Payment for Gambapebou Anoutoua Marie Imelda imported successfully.
2025-02-26 13:01:12,135 - INFO - Payment for Sakande  Saalim imported successfully.
2025-02-26 13:01:12,243 - INFO - Payment for Savadogo  Glwadys Marie Wendtoin imported successfully.
2025-02-26 13:01:12,339 - INFO - Payment for Conombo Abraham imported successfully.
2025-02-26 13:01:12,450 - INFO - Payment for Nana Nouriatou imported successfully.
2025-02-26 13:01:12,517 - INFO - Payment for Ilboudo Evariste Wendlassida imported successfully.
2025-02-26 13:01:12,575 - INFO - Payment for Ouedraogo Nonguisida Abdoulaye imported successfully.
2025-02-26 13:01:12,742 - INFO - Payment for Zongo Yissono Audrey Oceanne imported successfully.
2025-02-26 13:01:12,935 - INFO - Payment for Dondasse Sougrinooma Patricia imported successfully.
2025-02-26 13:01:13,110 - INFO - Payment for Gambapebou Romaric imported successfully.
2025-02-26 13:01:13,241 - INFO - Payment for Nikiema  Wendtoin Nohan Anicet imported successfully.
2025-02-26 13:01:13,275 - INFO - Payment for Ilboudo D. Evan imported successfully.
2025-02-26 13:01:13,302 - INFO - Payment for Yoda Richard imported successfully.
2025-02-26 13:01:13,330 - INFO - Payment for Kabore  Rayane  imported successfully.
2025-02-26 13:01:13,334 - ERROR - Eleve with ID 1623 does not exist.
2025-02-26 13:01:13,362 - INFO - Payment for Compaore  benewende Mathis Arthur imported successfully.
2025-02-26 13:01:13,394 - INFO - Payment for Balma  Wendenda Benania imported successfully.
2025-02-26 13:01:13,426 - INFO - Payment for Compaore  benewende Mathis Arthur imported successfully.
2025-02-26 13:01:13,456 - INFO - Payment for Boungoutongo Sylvie Wenian imported successfully.
2025-02-26 13:01:13,478 - INFO - Payment for Kazoni Ouibissma Cherifa Andrea imported successfully.
2025-02-26 13:01:13,499 - INFO - Payment for Compaore  Abdoul Shakour imported successfully.
2025-02-26 13:01:13,522 - INFO - Payment for Tompeglem Cephas imported successfully.
2025-02-26 13:01:13,543 - INFO - Payment for Zongo Awa imported successfully.
2025-02-26 13:01:13,557 - INFO - Payment for Nana Joris imported successfully.
2025-02-26 13:01:13,579 - INFO - Payment for Onadja Moudjahed Djasibo imported successfully.
2025-02-26 13:01:13,599 - INFO - Payment for Compaore Djaouratou imported successfully.
2025-02-26 13:01:13,621 - INFO - Payment for Yonli Rasack imported successfully.
2025-02-26 13:01:13,642 - INFO - Payment for Tapsoba Bibata imported successfully.
2025-02-26 13:01:13,644 - ERROR - Eleve with ID 1623 does not exist.
2025-02-26 13:01:13,662 - INFO - Payment for Tompeglem Cephas imported successfully.
2025-02-26 13:01:13,685 - INFO - Payment for Tompeglem Cephas imported successfully.
2025-02-26 13:01:13,709 - INFO - Payment for Boungoutongo Sylvie Wenian imported successfully.
2025-02-26 13:01:13,729 - INFO - Payment for Nana S. Junior imported successfully.
2025-02-26 13:01:13,752 - INFO - Payment for Compaore Delwende Landry Yanive imported successfully.
2025-02-26 13:01:13,775 - INFO - Payment for Nikiema Levis imported successfully.
2025-02-26 13:01:13,795 - INFO - Payment for Compaore  Abdoul Shakour imported successfully.
2025-02-26 13:01:13,818 - INFO - Payment for Zoungrana R. Isidore imported successfully.
2025-02-26 13:01:13,833 - INFO - Payment for Kazoni Ouibissma Cherifa Andrea imported successfully.
2025-02-26 13:01:13,850 - INFO - Payment for Balma  Wendenda Benania imported successfully.
2025-02-26 13:01:13,866 - INFO - Payment for Kazoni Johvani Elisee imported successfully.
2025-02-26 13:01:13,883 - INFO - Payment for Yalwe Mohamed Bachir imported successfully.
2025-02-26 13:01:13,904 - INFO - Payment for Ilboudo  Wanissira Fatimata  imported successfully.
2025-02-26 13:01:13,928 - INFO - Payment for Ilboudo  Wanissira Fatimata  imported successfully.
2025-02-26 13:01:13,952 - INFO - Payment for Tapsoba Elie imported successfully.
2025-02-26 13:01:13,974 - INFO - Payment for Sawadogo  Wendinsongdé Bienvenue imported successfully.
2025-02-26 13:01:13,996 - INFO - Payment for Malgoubri  Issaka  imported successfully.
2025-02-26 13:01:14,010 - INFO - Payment for Zoungrana Adama imported successfully.
2025-02-26 13:01:14,024 - INFO - Payment for Sawadogo  Wendinsongdé Bienvenue imported successfully.
2025-02-26 13:01:14,038 - INFO - Payment for Congo Nouriatou imported successfully.
2025-02-26 13:01:14,051 - INFO - Payment for Tapsoba Elise 1Er Jumeau imported successfully.
2025-02-26 13:01:14,071 - INFO - Payment for Ilboudo Absetou imported successfully.
2025-02-26 13:01:14,093 - INFO - Payment for Malgoubri  Issaka  imported successfully.
2025-02-26 13:01:14,115 - INFO - Payment for Nikiema  Pawendtaore Ulrich Junior imported successfully.
2025-02-26 13:01:14,133 - INFO - Payment for Nikiema  Pawendtaore Ulrich Junior imported successfully.
2025-02-26 13:01:14,155 - INFO - Payment for Babine  Abdoull Latif imported successfully.
2025-02-26 13:01:14,175 - INFO - Payment for Lengane Wassilatou imported successfully.
2025-02-26 13:01:14,198 - INFO - Payment for Sore  Amir Mouhminine imported successfully.
2025-02-26 13:01:14,221 - INFO - Payment for Sawadogo  Nina wendinsso imported successfully.
2025-02-26 13:01:14,244 - INFO - Payment for Ouedraogo  Camille Rayimwende imported successfully.
2025-02-26 13:01:14,265 - INFO - Payment for Ouedraogo Charine Sougr Nooma Fedelia imported successfully.
2025-02-26 13:01:14,283 - INFO - Payment for Zabre  Stephane Wendkuni imported successfully.
2025-02-26 13:01:14,303 - INFO - Payment for Kogo Claude Nathanael imported successfully.
2025-02-26 13:01:14,325 - INFO - Payment for Kogo Claude Nathanael imported successfully.
2025-02-26 13:01:14,349 - INFO - Payment for Denne  Abdoul Fatah imported successfully.
2025-02-26 13:01:14,370 - INFO - Payment for Denne Amira Yassine imported successfully.
2025-02-26 13:01:14,387 - INFO - Payment for Bikienga Mohamed Taofik imported successfully.
2025-02-26 13:01:14,405 - INFO - Payment for Bikienga Mohamed Taofik imported successfully.
2025-02-26 13:01:14,426 - INFO - Payment for Sore  Amir Mouhminine imported successfully.
2025-02-26 13:01:14,449 - INFO - Payment for Lengane Wassilatou imported successfully.
2025-02-26 13:01:14,471 - INFO - Payment for Bikienga Mohamed Taofik imported successfully.
2025-02-26 13:01:14,488 - INFO - Payment for Kogo Claude Nathanael imported successfully.
2025-02-26 13:01:14,507 - INFO - Payment for Sawadogo  Salam  imported successfully.
2025-02-26 13:01:14,526 - INFO - Payment for Denne  Abdoul Fatah imported successfully.
2025-02-26 13:01:14,546 - INFO - Payment for Denne Amira Yassine imported successfully.
2025-02-26 13:01:14,570 - INFO - Payment for Kogo Claude Nathanael imported successfully.
2025-02-26 13:01:14,593 - INFO - Payment for Zabre  Stephane Wendkuni imported successfully.
2025-02-26 13:01:14,614 - INFO - Payment for Lengane Wassilatou imported successfully.
2025-02-26 13:01:14,637 - INFO - Payment for Denne  Abdoul Fatah imported successfully.
2025-02-26 13:01:14,660 - INFO - Payment for Onadja  Badandi Abdoul Dramane  imported successfully.
2025-02-26 13:01:14,683 - INFO - Payment for Nikiema Jean Raphael imported successfully.
2025-02-26 13:01:14,705 - INFO - Payment for Gomgnimbou Wemmatou Saouratou imported successfully.
2025-02-26 13:01:14,720 - INFO - Payment for Nikiema Jean Michel imported successfully.
2025-02-26 13:01:14,735 - INFO - Payment for Kabore Wendpanga Alphee imported successfully.
2025-02-26 13:01:14,747 - INFO - Payment for Baga Marthe Grace imported successfully.
2025-02-26 13:01:14,773 - INFO - Payment for Zampalegre Cheik Tidiane imported successfully.
2025-02-26 13:01:14,797 - INFO - Payment for Zampalegre Cheik Tidiane imported successfully.
2025-02-26 13:01:14,817 - INFO - Payment for Kafando Aminata imported successfully.
2025-02-26 13:01:14,836 - INFO - Payment for Kafando Aminata imported successfully.
2025-02-26 13:01:14,851 - INFO - Payment for Gouem Amssetou imported successfully.
2025-02-26 13:01:14,864 - INFO - Payment for Nana  Naomie Bienvenue imported successfully.
2025-02-26 13:01:14,877 - INFO - Payment for Nana  Naomie Bienvenue imported successfully.
2025-02-26 13:01:14,891 - INFO - Payment for Oussale  Ouehipe Isosidore Ghislain imported successfully.
2025-02-26 13:01:14,903 - INFO - Payment for Nikiema  Bnewendé Christ Armel imported successfully.
2025-02-26 13:01:14,916 - INFO - Payment for Tapsoba  Faizatou  imported successfully.
2025-02-26 13:01:14,931 - INFO - Payment for Kabore  Rayane  imported successfully.
2025-02-26 13:01:14,949 - INFO - Payment for Gouem Kassoum imported successfully.
2025-02-26 13:01:14,967 - INFO - Payment for Sana  Mouniratou imported successfully.
2025-02-26 13:01:14,987 - INFO - Payment for Kabore  Rayane  imported successfully.
2025-02-26 13:01:15,000 - INFO - Payment for Oussale  Ouehipe Isosidore Ghislain imported successfully.
2025-02-26 13:01:15,022 - INFO - Payment for Sana  Mouniratou imported successfully.
2025-02-26 13:01:15,038 - INFO - Payment for Lirasse  Anekogo Jerome  imported successfully.
2025-02-26 13:01:15,052 - INFO - Payment for Kontogom Grace Divine  imported successfully.
2025-02-26 13:01:15,065 - INFO - Payment for Zongo Elie Yipene imported successfully.
2025-02-26 13:01:15,080 - INFO - Payment for Zongo Elie Yipene imported successfully.
2025-02-26 13:01:15,094 - INFO - Payment for Kontogom Grace Divine  imported successfully.
2025-02-26 13:01:15,108 - INFO - Payment for Guigma  Wenddenda Aaliatou imported successfully.
2025-02-26 13:01:15,125 - INFO - Payment for Bouda Jean Gregoire Marie imported successfully.
2025-02-26 13:01:15,141 - INFO - Payment for Onadja Abdou imported successfully.
2025-02-26 13:01:15,160 - INFO - Payment for Guigma Abdoul Kader imported successfully.
2025-02-26 13:01:15,181 - INFO - Payment for Rouamba Wend Kouni Emelienne Leiticia imported successfully.
2025-02-26 13:01:15,204 - INFO - Payment for Niaone Assane imported successfully.
2025-02-26 13:01:15,225 - INFO - Payment for Nikiema  Arsene  imported successfully.
2025-02-26 13:01:15,237 - INFO - Payment for Conombo Wassilatou imported successfully.
2025-02-26 13:01:15,252 - INFO - Payment for Ouedraogo Ibrahim imported successfully.
2025-02-26 13:01:15,271 - INFO - Payment for Nikiema  Arsene  imported successfully.
2025-02-26 13:01:15,290 - INFO - Payment for Kiemde  Wendpanga Eric imported successfully.
2025-02-26 13:01:15,311 - INFO - Payment for Semde  Wendbenedo Abdoul Manane imported successfully.
2025-02-26 13:01:15,332 - INFO - Payment for Zoungrana Abdoul Waris imported successfully.
2025-02-26 13:01:15,351 - INFO - Payment for Kazienga  Maïcharatou imported successfully.
2025-02-26 13:01:15,371 - INFO - Payment for Sawadogo  Maissaratou imported successfully.
2025-02-26 13:01:15,392 - INFO - Payment for Sawadogo Asmao imported successfully.
2025-02-26 13:01:15,411 - INFO - Payment for Sawadogo  Maissaratou imported successfully.
2025-02-26 13:01:15,432 - INFO - Payment for Ouedraogo  Rachidatou imported successfully.
2025-02-26 13:01:15,450 - INFO - Payment for Simpore Davy Casimir imported successfully.
2025-02-26 13:01:15,467 - INFO - Payment for Sawadogo Abdoul Nassirou imported successfully.
2025-02-26 13:01:15,487 - INFO - Payment for Guira Ridwane imported successfully.
2025-02-26 13:01:15,507 - INFO - Payment for Ouedraogo Ibrahim imported successfully.
2025-02-26 13:01:15,528 - INFO - Payment for Kiemde  Wendpanga Eric imported successfully.
2025-02-26 13:01:15,548 - INFO - Payment for Bonkoungou Renaud imported successfully.
2025-02-26 13:01:15,570 - INFO - Payment for Sawadogo Absatou imported successfully.
2025-02-26 13:01:15,590 - INFO - Payment for Kabore  Hadidja imported successfully.
2025-02-26 13:01:15,610 - INFO - Payment for Bouda Deborah Emmanuelle imported successfully.
2025-02-26 13:01:15,631 - INFO - Payment for Sawadogo  Maissaratou imported successfully.
2025-02-26 13:01:15,650 - INFO - Payment for Niaone Assana imported successfully.
2025-02-26 13:01:15,672 - INFO - Payment for Kotani  Assagribouga Damien Ulrich imported successfully.
2025-02-26 13:01:15,694 - INFO - Payment for Sawadogo Zayd Houssene imported successfully.
2025-02-26 13:01:15,714 - INFO - Payment for Dimbone Hamza imported successfully.
2025-02-26 13:01:15,734 - INFO - Payment for Ilboudo Auriane imported successfully.
2025-02-26 13:01:15,755 - INFO - Payment for Sorgho Paligwende Djemilatou imported successfully.
2025-02-26 13:01:15,777 - INFO - Payment for Ilboudo  kIswendssida Christ imported successfully.
2025-02-26 13:01:15,796 - INFO - Payment for Kazienga Khalid imported successfully.
2025-02-26 13:01:15,812 - INFO - Payment for Sawadogo  Houzaifa imported successfully.
2025-02-26 13:01:15,832 - INFO - Payment for Ayo Chaidatou imported successfully.
2025-02-26 13:01:15,853 - INFO - Payment for Ilboudo Auriane imported successfully.
2025-02-26 13:01:15,876 - INFO - Payment for Guira Abdoul Maguid imported successfully.
2025-02-26 13:01:15,898 - INFO - Payment for Kabore Saoudatou imported successfully.
2025-02-26 13:01:15,914 - INFO - Payment for Ouedraogo  Rachidatou imported successfully.
2025-02-26 13:01:15,933 - INFO - Payment for Ouedraogo Alida Doriane imported successfully.
2025-02-26 13:01:15,948 - INFO - Payment for Sawadogo Souleymane imported successfully.
2025-02-26 13:01:15,962 - INFO - Payment for Nikiema Cheick Rayane  imported successfully.
2025-02-26 13:01:15,978 - INFO - Payment for Sawadogo  Houzaifa imported successfully.
2025-02-26 13:01:15,996 - INFO - Payment for Natama Josiane imported successfully.
2025-02-26 13:01:16,016 - INFO - Payment for Natama Josiane imported successfully.
2025-02-26 13:01:16,033 - INFO - Payment for Nikiema Elodie Betinia imported successfully.
2025-02-26 13:01:16,055 - INFO - Payment for Conombo Mami Salamata imported successfully.
2025-02-26 13:01:16,077 - INFO - Payment for Sorgho W Jean Armel imported successfully.
2025-02-26 13:01:16,099 - INFO - Payment for Sawadogo  Houzaifa imported successfully.
2025-02-26 13:01:16,116 - INFO - Payment for Goumbane Ismael imported successfully.
2025-02-26 13:01:16,134 - INFO - Payment for Lalsaga Patindé Ridwane imported successfully.
2025-02-26 13:01:16,154 - INFO - Payment for Sawadogo Abdoul Maguid imported successfully.
2025-02-26 13:01:16,176 - INFO - Payment for Sawadogo Asmao imported successfully.
2025-02-26 13:01:16,198 - INFO - Payment for Malgoubri  Issaka  imported successfully.
2025-02-26 13:01:16,219 - INFO - Payment for Gambapebou Anoutoua Marie Imelda imported successfully.
2025-02-26 13:01:16,237 - INFO - Payment for Kazienga  Maïcharatou imported successfully.
2025-02-26 13:01:16,255 - INFO - Payment for Dondasse Sougrinooma Patricia imported successfully.
2025-02-26 13:01:16,275 - INFO - Payment for Sawadogo Zayd Houssene imported successfully.
2025-02-26 13:01:16,297 - INFO - Payment for Bonkoungou Severin imported successfully.
2025-02-26 13:01:16,319 - INFO - Payment for Savadogo  Glwadys Marie Wendtoin imported successfully.
2025-02-26 13:01:16,340 - INFO - Payment for Sawadogo  Joceline  Wenddabo imported successfully.
2025-02-26 13:01:16,358 - INFO - Payment for Kabore  Oumounaïchata imported successfully.
2025-02-26 13:01:16,375 - INFO - Payment for Ilboudo Kiswend-sida Marie Armel imported successfully.
2025-02-26 13:01:16,396 - INFO - Payment for Ilboudo Kiswend-sida Marie Armel imported successfully.
2025-02-26 13:01:16,417 - INFO - Payment for Kabore  Oumounaïchata imported successfully.
2025-02-26 13:01:16,436 - INFO - Payment for Togom Naïmatou imported successfully.
2025-02-26 13:01:16,455 - INFO - Payment for Kere Ounsoun-Cri Jean Mervin imported successfully.
2025-02-26 13:01:16,476 - INFO - Payment for Nacoulma Roukiatou imported successfully.
2025-02-26 13:01:16,497 - INFO - Payment for Kere Ounsoun-Cri Jean Mervin imported successfully.
2025-02-26 13:01:16,515 - INFO - Payment for Sorgho W Jean Armel imported successfully.
2025-02-26 13:01:16,536 - INFO - Payment for Pelegsonre  Mohamadi  imported successfully.
2025-02-26 13:01:16,555 - INFO - Payment for Congo Abdoul Gani imported successfully.
2025-02-26 13:01:16,578 - INFO - Payment for Kouanda   Saidatou imported successfully.
2025-02-26 13:01:16,599 - INFO - Payment for Congo Abdine imported successfully.
2025-02-26 13:01:16,620 - INFO - Payment for Nikiema  Bnewendé Christ Armel imported successfully.
2025-02-26 13:01:16,641 - INFO - Payment for Congo Nouriatou imported successfully.
2025-02-26 13:01:16,662 - INFO - Payment for Kouanda   Saidatou imported successfully.
2025-02-26 13:01:16,683 - INFO - Payment for Kouanda   Saidatou imported successfully.
2025-02-26 13:01:16,705 - INFO - Payment for Sorgho Paligwende Djemilatou imported successfully.
2025-02-26 13:01:16,724 - INFO - Payment for Kouanda Mohamed Bechir imported successfully.
2025-02-26 13:01:16,743 - INFO - Payment for Kabore Alizeta Wend-Benedo Amiratou imported successfully.
2025-02-26 13:01:16,762 - INFO - Payment for Ilboudo Laeticia imported successfully.
2025-02-26 13:01:16,782 - INFO - Payment for Sam  Sofiane imported successfully.
2025-02-26 13:01:16,801 - INFO - Payment for Kere Ounsoun-Cri Jean Mervin imported successfully.
2025-02-26 13:01:16,821 - INFO - Payment for Sam  Sofiane imported successfully.
2025-02-26 13:01:16,843 - INFO - Payment for Sokondou Daouda imported successfully.
2025-02-26 13:01:16,864 - INFO - Payment for Ouedraogo  Nassirou imported successfully.
2025-02-26 13:01:16,885 - INFO - Payment for Gouem Boukare Morgan imported successfully.
2025-02-26 13:01:16,907 - INFO - Payment for Tiendrebeogo Abdoul Ganilou imported successfully.
2025-02-26 13:01:16,930 - INFO - Payment for Rouamba Nadine imported successfully.
2025-02-26 13:01:16,952 - INFO - Payment for Sawadogo Oumoul Salim imported successfully.
2025-02-26 13:01:16,972 - INFO - Payment for Kiema T. Olga imported successfully.
2025-02-26 13:01:16,991 - INFO - Payment for Nikiema Laureine imported successfully.
2025-02-26 13:01:17,015 - INFO - Payment for Koanda Zoulhatou imported successfully.
2025-02-26 13:01:17,034 - INFO - Payment for Ouedraogo Wendyame Beatrice imported successfully.
2025-02-26 13:01:17,056 - INFO - Payment for Kologo Anne Marie imported successfully.
2025-02-26 13:01:17,078 - INFO - Payment for Nacoulma Rafiatou imported successfully.
2025-02-26 13:01:17,093 - INFO - Payment for Compaore Aisseta imported successfully.
2025-02-26 13:01:17,114 - INFO - Payment for Sare Wafa imported successfully.
2025-02-26 13:01:17,139 - INFO - Payment for Kabore Divine imported successfully.
2025-02-26 13:01:17,161 - INFO - Payment for Ouedraogo Deborah Tinwende imported successfully.
2025-02-26 13:01:17,184 - INFO - Payment for Lengani Issouf imported successfully.
2025-02-26 13:01:17,205 - INFO - Payment for Zigani Chonleo Nicole imported successfully.
2025-02-26 13:01:17,230 - INFO - Payment for Rouamba Nadine imported successfully.
2025-02-26 13:01:17,251 - INFO - Payment for Semde  Wendbenedo Abdoul Manane imported successfully.
2025-02-26 13:01:17,275 - INFO - Payment for Semde  Wendbenedo Abdoul Manane imported successfully.
2025-02-26 13:01:17,296 - INFO - Payment for Bere  Neimatou imported successfully.
2025-02-26 13:01:17,319 - INFO - Payment for Rouamba Wend Kouni Emelienne Leiticia imported successfully.
2025-02-26 13:01:17,341 - INFO - Payment for Nikiema Steeve Donal imported successfully.
2025-02-26 13:01:17,361 - INFO - Payment for Zongo Yissono Audrey Oceanne imported successfully.
2025-02-26 13:01:17,379 - INFO - Payment for Guigma  Moustapha imported successfully.
2025-02-26 13:01:17,395 - INFO - Payment for Sore Abdoul Razack imported successfully.
2025-02-26 13:01:17,416 - INFO - Payment for Some Nebnow Salvador Casimir imported successfully.
2025-02-26 13:01:17,438 - INFO - Payment for Compaore Abou Soufiane imported successfully.
2025-02-26 13:01:17,460 - INFO - Payment for Compaore Alimata Sadia imported successfully.
2025-02-26 13:01:17,485 - INFO - Payment for Kabre Jean Bertrand Wendkouni imported successfully.
2025-02-26 13:01:17,503 - INFO - Payment for Sawadogo Wendmangda Rolande imported successfully.
2025-02-26 13:01:17,520 - INFO - Payment for Nacoulma Roukiatou imported successfully.
2025-02-26 13:01:17,537 - INFO - Payment for Niaone Assana imported successfully.
2025-02-26 13:01:17,554 - INFO - Payment for Ilboudo  Elvira  imported successfully.
2025-02-26 13:01:17,568 - INFO - Payment for Compaore B. Salifou imported successfully.
2025-02-26 13:01:17,584 - INFO - Payment for Nacoulma Wendpayande Aliatou imported successfully.
2025-02-26 13:01:17,597 - INFO - Payment for Niaone Assane imported successfully.
2025-02-26 13:01:17,608 - INFO - Payment for Sam  Sofiane imported successfully.
2025-02-26 13:01:17,621 - INFO - Payment for Rabo Nouriatou imported successfully.
2025-02-26 13:01:17,636 - INFO - Payment for Soulia  Aroune Mohamed Assad Yiyandin imported successfully.
2025-02-26 13:01:17,649 - INFO - Payment for Kuela Romeo imported successfully.
2025-02-26 13:01:17,663 - INFO - Payment for Kabore Mouhaz Amin imported successfully.
2025-02-26 13:01:17,679 - INFO - Payment for Congo Oumaimatou imported successfully.
2025-02-26 13:01:17,692 - INFO - Payment for Yalwe Mohamed Bachir imported successfully.
2025-02-26 13:01:17,708 - INFO - Payment for Zabpaodre  Isidore imported successfully.
2025-02-26 13:01:17,726 - INFO - Payment for Guigma Adboul Alim imported successfully.
2025-02-26 13:01:17,745 - INFO - Payment for Guigma  Abdoul Halim 2eme jumeau imported successfully.
2025-02-26 13:01:17,767 - INFO - Payment for Guigma  Wenddenda Aaliatou imported successfully.
2025-02-26 13:01:17,791 - INFO - Payment for Tiemtore W. Josias imported successfully.
2025-02-26 13:01:17,812 - INFO - Payment for Tiemtore  Wend-vie Betsaleel imported successfully.
2025-02-26 13:01:17,833 - INFO - Payment for Koanda Zoulhatou imported successfully.
2025-02-26 13:01:17,856 - INFO - Payment for Nassa  Kiswendsida Abdoul Maguid imported successfully.
2025-02-26 13:01:17,879 - INFO - Payment for Kouanda Mohamed Bechir imported successfully.
2025-02-26 13:01:17,899 - INFO - Payment for Monean  Gael imported successfully.
2025-02-26 13:01:17,921 - INFO - Payment for Koanda Abdoul Maguid imported successfully.
2025-02-26 13:01:17,936 - INFO - Payment for Sawadogo  Nouriatou imported successfully.
2025-02-26 13:01:17,954 - INFO - Payment for Tiemtore  Wend-vie Betsaleel imported successfully.
2025-02-26 13:01:17,973 - INFO - Payment for Togom Abdoul Bassite imported successfully.
2025-02-26 13:01:17,995 - INFO - Payment for Compaore Ah Ichata imported successfully.
2025-02-26 13:01:18,012 - INFO - Payment for Ouedraogo Wendyame Beatrice imported successfully.
2025-02-26 13:01:18,038 - INFO - Payment for Dipama  Wendkouni Jeanne  imported successfully.
2025-02-26 13:01:18,060 - INFO - Payment for Ouedraogo  Felicia Sindinmanegda  imported successfully.
2025-02-26 13:01:18,089 - INFO - Payment for Nana Nouriatou imported successfully.
2025-02-26 13:01:18,110 - INFO - Payment for Savadogo  Glwadys Marie Wendtoin imported successfully.
2025-02-26 13:01:18,129 - INFO - Payment for Diapa  Dimitri  imported successfully.
2025-02-26 13:01:18,143 - INFO - Payment for Sawadogo  Joceline  Wenddabo imported successfully.
2025-02-26 13:01:18,154 - INFO - Payment for Tapsoba  Faizatou  imported successfully.
2025-02-26 13:01:18,170 - INFO - Payment for Zabre  Stephane Wendkuni imported successfully.
2025-02-26 13:01:18,182 - INFO - Payment for Tigasse Augustine Flore imported successfully.
2025-02-26 13:01:18,198 - INFO - Payment for Tigasse  Assaloue Boris imported successfully.
2025-02-26 13:01:18,217 - INFO - Payment for Sawadogo  Nina wendinsso imported successfully.
2025-02-26 13:01:18,238 - INFO - Payment for Bere  Neimatou imported successfully.
2025-02-26 13:01:18,260 - INFO - Payment for Sana  Mouniratou imported successfully.
2025-02-26 13:01:18,280 - INFO - Payment for Sana  Mouniratou imported successfully.
2025-02-26 13:01:18,303 - INFO - Payment for Ilboudo Arthur imported successfully.
2025-02-26 13:01:18,326 - INFO - Payment for Hien  Youorkiè Laurianne imported successfully.
2025-02-26 13:01:18,352 - INFO - Payment for Kombassere  Mohazou imported successfully.
2025-02-26 13:01:18,372 - INFO - Payment for Bikienga Mohamed Taofik imported successfully.
2025-02-26 13:01:18,388 - INFO - Payment for Baga Marthe Grace imported successfully.
2025-02-26 13:01:18,406 - INFO - Payment for Zoungrana  Austin Pabegwende Prince  imported successfully.
2025-02-26 13:01:18,422 - INFO - Payment for Sawadogo  Salam  imported successfully.
2025-02-26 13:01:18,437 - INFO - Payment for Lengane Amdiatou imported successfully.
2025-02-26 13:01:18,457 - INFO - Payment for Ilboudo  Grace Baowende Bereniche imported successfully.
2025-02-26 13:01:18,478 - INFO - Payment for Ouedraogo  Camille Rayimwende imported successfully.
2025-02-26 13:01:18,496 - INFO - Payment for Tiendrebeogo Wendso Christ-vie imported successfully.
2025-02-26 13:01:18,509 - INFO - Payment for Ouedraogo  Camille Rayimwende imported successfully.
2025-02-26 13:01:18,528 - INFO - Payment for Compaore  Abdoul Shakour imported successfully.
2025-02-26 13:01:18,547 - INFO - Payment for Lengane  Oumeima imported successfully.
2025-02-26 13:01:18,565 - INFO - Payment for Sawadogo  Salam  imported successfully.
2025-02-26 13:01:18,583 - INFO - Payment for Ouedraogo Charine Sougr Nooma Fedelia imported successfully.
2025-02-26 13:01:18,602 - INFO - Payment for Oussale  Ouehipe Isosidore Ghislain imported successfully.
2025-02-26 13:01:18,617 - INFO - Payment for Baga  Pelagie Wend Puire imported successfully.
2025-02-26 13:01:18,630 - INFO - Payment for Nion  Ouessono Kevin imported successfully.
2025-02-26 13:01:18,645 - INFO - Payment for Bikienga Aïchatou imported successfully.
2025-02-26 13:01:18,660 - INFO - Payment for Compaore  Wendinso Adriell imported successfully.
2025-02-26 13:01:18,678 - INFO - Payment for Kontogom Grace Divine  imported successfully.
2025-02-26 13:01:18,697 - INFO - Payment for Sakande  Abdoul Gafarou imported successfully.
2025-02-26 13:01:18,718 - INFO - Payment for Billa Taslimatou Fatimata imported successfully.
2025-02-26 13:01:18,738 - INFO - Payment for Simpore Layilatou imported successfully.
2025-02-26 13:01:18,760 - INFO - Payment for Banga Oksana imported successfully.
2025-02-26 13:01:18,780 - INFO - Payment for Kiemtore Peng-Benin wende Hilarie Tanya imported successfully.
2025-02-26 13:01:18,800 - INFO - Payment for Nikiema  Bibata  imported successfully.
2025-02-26 13:01:18,817 - INFO - Payment for Kiema Wendmalgda Ingrid imported successfully.
2025-02-26 13:01:18,839 - INFO - Payment for Sagne  Adja Mamounata imported successfully.
2025-02-26 13:01:18,859 - INFO - Payment for Simpore  Cheick Ibrahim imported successfully.
2025-02-26 13:01:18,881 - INFO - Payment for Conombo Mami Salamata imported successfully.
2025-02-26 13:01:18,903 - INFO - Payment for Kabre  Abdoul Razack imported successfully.
2025-02-26 13:01:18,928 - INFO - Payment for Kiema  Wend-So Charles le-Bon imported successfully.
2025-02-26 13:01:18,950 - INFO - Payment for Zoungrana Abdoul Galilou imported successfully.
2025-02-26 13:01:18,971 - INFO - Payment for Kiema T. Olga imported successfully.
2025-02-26 13:01:18,994 - INFO - Payment for Ilboudo Evariste Wendlassida imported successfully.
2025-02-26 13:01:19,014 - INFO - Payment for Compaore Delwende Landry Yanive imported successfully.
2025-02-26 13:01:19,035 - INFO - Payment for Ilboudo Kiswend-sida Marie Armel imported successfully.
2025-02-26 13:01:19,057 - INFO - Payment for Compaore  benewende Mathis Arthur imported successfully.
2025-02-26 13:01:19,080 - INFO - Payment for Yougbare   Abdoul Razack imported successfully.
2025-02-26 13:01:19,099 - INFO - Payment for Ilboudo  Nelsonne  imported successfully.
2025-02-26 13:01:19,120 - INFO - Payment for Nacoulma Rafiatou imported successfully.
2025-02-26 13:01:19,142 - INFO - Payment for Boungoutongo Sylvie Wenian imported successfully.
2025-02-26 13:01:19,162 - INFO - Payment for Sawadogo  Myra Faïsa Maïsharatou imported successfully.
2025-02-26 13:01:19,181 - INFO - Payment for Sawadogo  Wendinsongdé Bienvenue imported successfully.
2025-02-26 13:01:19,194 - INFO - Payment for Compaore Alimata Sadia imported successfully.
2025-02-26 13:01:19,211 - INFO - Payment for Balma  Amir imported successfully.
2025-02-26 13:01:19,228 - INFO - Payment for Nikiema Elodie Betinia imported successfully.
2025-02-26 13:01:19,247 - INFO - Payment for Gomgnimbou Wemmatou Saouratou imported successfully.
2025-02-26 13:01:19,269 - INFO - Payment for Balma  Wendenda Benania imported successfully.
2025-02-26 13:01:19,288 - INFO - Payment for Konvolbo  Imelda Lamoussa Edith imported successfully.
2025-02-26 13:01:19,307 - INFO - Payment for Congo Abdoul Wahab imported successfully.
2025-02-26 13:01:19,329 - INFO - Payment for Kientega Viviane imported successfully.
2025-02-26 13:01:19,350 - INFO - Payment for Tiendrebeogo W. Azaël imported successfully.
2025-02-26 13:01:19,367 - INFO - Payment for Soudre Abdoul Mohamine imported successfully.
2025-02-26 13:01:19,389 - INFO - Payment for Ouedraogo Aïdatou imported successfully.
2025-02-26 13:01:19,407 - INFO - Payment for Gambapebou Romaric imported successfully.
2025-02-26 13:01:19,427 - INFO - Payment for Nacoulma Fahimatou imported successfully.
2025-02-26 13:01:19,445 - INFO - Payment for Guigma  Abdoul Halim 2eme jumeau imported successfully.
2025-02-26 13:01:19,466 - INFO - Payment for Congo Faouzia imported successfully.
2025-02-26 13:01:19,483 - INFO - Payment for Dimbone Hamza imported successfully.
2025-02-26 13:01:19,504 - INFO - Payment for Konate  Malicka  imported successfully.
2025-02-26 13:01:19,524 - INFO - Payment for Ilboudo  Landry Ulrich  imported successfully.
2025-02-26 13:01:19,542 - INFO - Payment for Nacoulma  Cheick imported successfully.
2025-02-26 13:01:19,557 - INFO - Payment for Ouedraogo Nathanael imported successfully.
2025-02-26 13:01:19,578 - INFO - Payment for Nikiema Waliatou Sougrenoma imported successfully.
2025-02-26 13:01:19,596 - INFO - Payment for Nikiema Laureine imported successfully.
2025-02-26 13:01:19,619 - INFO - Payment for Dipama Mohamadi imported successfully.
2025-02-26 13:01:19,637 - INFO - Payment for Kere Ounsoun-Cri Jean Mervin imported successfully.
2025-02-26 13:01:19,660 - INFO - Payment for Congo Cheick Oumar Mohamed imported successfully.
2025-02-26 13:01:19,679 - INFO - Payment for Conombo Wassilatou imported successfully.
2025-02-26 13:01:19,694 - INFO - Payment for Nikiema  Arsene  imported successfully.
2025-02-26 13:01:19,711 - INFO - Payment for Gambapebou Anoutoua Marie Imelda imported successfully.
2025-02-26 13:01:19,723 - INFO - Payment for Ouedraogo Daouda imported successfully.
2025-02-26 13:01:19,740 - INFO - Payment for Guigma Adboul Alim imported successfully.
2025-02-26 13:01:19,762 - INFO - Payment for Kazoni Johvani Elisee imported successfully.
2025-02-26 13:01:19,786 - INFO - Payment for Lalsaga Patindé Ridwane imported successfully.
2025-02-26 13:01:19,808 - INFO - Payment for Ouedraogo Deborah Tinwende imported successfully.
2025-02-26 13:01:19,828 - INFO - Payment for Zoundi Stanislas imported successfully.
2025-02-26 13:01:19,849 - INFO - Payment for Guigma  Wenddenda Aaliatou imported successfully.
2025-02-26 13:01:19,865 - INFO - Payment for Compaore Ah Ichata imported successfully.
2025-02-26 13:01:19,888 - INFO - Payment for Kabore Wendpanga Alphee imported successfully.
2025-02-26 13:01:19,911 - INFO - Payment for Compaore Osias imported successfully.
2025-02-26 13:01:19,935 - INFO - Payment for Sawadogo Wendmangda Rolande imported successfully.
2025-02-26 13:01:19,960 - INFO - Payment for Bance Haoulatou imported successfully.
2025-02-26 13:01:19,985 - INFO - Payment for Ilboudo Auriane imported successfully.
2025-02-26 13:01:20,005 - INFO - Payment for Tiendrebeogo Rakiswende Dimitri imported successfully.
2025-02-26 13:01:20,027 - INFO - Payment for Ilboudo Absetou imported successfully.
2025-02-26 13:01:20,048 - INFO - Payment for Bonzi Kamel imported successfully.
2025-02-26 13:01:20,071 - INFO - Payment for Zoumbare Arienne imported successfully.
2025-02-26 13:01:20,090 - INFO - Payment for Nikiema Jean Raphael imported successfully.
2025-02-26 13:01:20,107 - INFO - Payment for Dondasse Sougrinooma Patricia imported successfully.
2025-02-26 13:01:20,128 - INFO - Payment for Zoungrana Adama imported successfully.
2025-02-26 13:01:20,145 - INFO - Payment for Fofana  Cherif Mpa Amine imported successfully.
2025-02-26 13:01:20,162 - INFO - Payment for Taita Wendyam Jorus Aubin imported successfully.
2025-02-26 13:01:20,180 - INFO - Payment for Ouedraogo Nonguisida Abdoulaye imported successfully.
2025-02-26 13:01:20,198 - INFO - Payment for Nikiema  Bnewendé Christ Armel imported successfully.
2025-02-26 13:01:20,222 - INFO - Payment for Zampalegre Cheik Tidiane imported successfully.
2025-02-26 13:01:20,246 - INFO - Payment for Zoungrana  Samadou imported successfully.
2025-02-26 13:01:20,269 - INFO - Payment for Kinda Abdoul Mouhaz imported successfully.
2025-02-26 13:01:20,292 - INFO - Payment for Bouda Wendpanga Clovis imported successfully.
2025-02-26 13:01:20,313 - INFO - Payment for Compaore Prisca imported successfully.
2025-02-26 13:01:20,331 - INFO - Payment for Kabre K. Berenger imported successfully.
2025-02-26 13:01:20,346 - INFO - Payment for Colompare  Weyira Miracle Loïs imported successfully.
2025-02-26 13:01:20,358 - INFO - Payment for Babine  Abdoull Latif imported successfully.
2025-02-26 13:01:20,378 - INFO - Payment for Zoungrana  Pendwende Abdoul Hakim imported successfully.
2025-02-26 13:01:20,394 - INFO - Payment for Bakouan Ydia Faical imported successfully.
2025-02-26 13:01:20,411 - INFO - Payment for Nikiema Jean Michel imported successfully.
2025-02-26 13:01:20,430 - INFO - Payment for Bazie Aymar Alphaniste imported successfully.
2025-02-26 13:01:20,447 - INFO - Payment for Sawadogo  Sougr-Nooma Abdoul Nassir  imported successfully.
2025-02-26 13:01:20,460 - INFO - Payment for Ilboudo Assiatou imported successfully.
2025-02-26 13:01:20,475 - INFO - Payment for Sawadogo Abdoul Nassirou imported successfully.
2025-02-26 13:01:20,494 - INFO - Payment for Ilboudo Raïssa imported successfully.
2025-02-26 13:01:20,513 - INFO - Payment for Sana Oumoul Salim imported successfully.
2025-02-26 13:01:20,527 - INFO - Payment for Sawadogo Oumoul Salim imported successfully.
2025-02-26 13:01:20,546 - INFO - Payment for Gasbeogo Justin imported successfully.
2025-02-26 13:01:20,564 - INFO - Payment for Sorgho Paligwende Djemilatou imported successfully.
2025-02-26 13:01:20,582 - INFO - Payment for Ouedraogo  Rachidatou imported successfully.
2025-02-26 13:01:20,599 - INFO - Payment for Boulio Cheick Mohazou imported successfully.
2025-02-26 13:01:20,619 - INFO - Payment for Kiendrebeogo Abdoul Maguid  imported successfully.
2025-02-26 13:01:20,644 - INFO - Payment for Sawadogo Souleymane imported successfully.
2025-02-26 13:01:20,664 - INFO - Payment for Bonkoungou Severin imported successfully.
2025-02-26 13:01:20,688 - INFO - Payment for Kabore Bassirou imported successfully.
2025-02-26 13:01:20,713 - INFO - Payment for Kabore Bassirou imported successfully.
2025-02-26 13:01:20,740 - INFO - Payment for Zoungrana Abdoul Razack imported successfully.
2025-02-26 13:01:20,765 - INFO - Payment for Kabre Elise imported successfully.
2025-02-26 13:01:20,791 - INFO - Payment for Guira Ridwane imported successfully.
2025-02-26 13:01:20,813 - INFO - Payment for Kabore Sabane imported successfully.
2025-02-26 13:01:20,838 - INFO - Payment for Nana Wendkouni Romaine imported successfully.
2025-02-26 13:01:20,856 - INFO - Payment for Kabore Divine imported successfully.
2025-02-26 13:01:20,881 - INFO - Payment for Kuela Romeo imported successfully.
2025-02-26 13:01:20,906 - INFO - Payment for Bonkoungou  Wendkouni Salome imported successfully.
2025-02-26 13:01:20,930 - INFO - Payment for Simpore Davy Casimir imported successfully.
2025-02-26 13:01:20,950 - INFO - Payment for Bonkoungou Renaud imported successfully.
2025-02-26 13:01:20,967 - INFO - Payment for Kabore Saoudatou imported successfully.
2025-02-26 13:01:20,984 - INFO - Payment for Guira Abdoul Maguid imported successfully.
2025-02-26 13:01:21,003 - INFO - Payment for Zoungrana  Ibrahim  imported successfully.
2025-02-26 13:01:21,021 - INFO - Payment for Ouedraogo Flore imported successfully.
2025-02-26 13:01:21,045 - INFO - Payment for Tiendrebeogo Abdoul Ganilou imported successfully.
2025-02-26 13:01:21,067 - INFO - Payment for Lengani Issouf imported successfully.
2025-02-26 13:01:21,086 - INFO - Payment for Lengane  Aminata  imported successfully.
2025-02-26 13:01:21,104 - INFO - Payment for Soulga Latifatou imported successfully.
2025-02-26 13:01:21,127 - INFO - Payment for Zoungrana W. Adja Rasma imported successfully.
2025-02-26 13:01:21,151 - INFO - Payment for Ilboudo Nafissatou imported successfully.
2025-02-26 13:01:21,174 - INFO - Payment for Ilboudo Aliyatou imported successfully.
2025-02-26 13:01:21,197 - INFO - Payment for Tassembedo Abdoul Alim imported successfully.
2025-02-26 13:01:21,214 - INFO - Payment for Belem Sougrooma Azaph Kevin imported successfully.
2025-02-26 13:01:21,233 - INFO - Payment for Sawadogo  Joceline  Wenddabo imported successfully.
2025-02-26 13:01:21,255 - INFO - Payment for Lirasse  Anekogo Jerome  imported successfully.
2025-02-26 13:01:21,277 - INFO - Payment for Savadogo  Glwadys Marie Wendtoin imported successfully.
2025-02-26 13:01:21,301 - INFO - Payment for Lengane Wassilatou imported successfully.
2025-02-26 13:01:21,326 - INFO - Payment for Zoungrana Aimane imported successfully.
2025-02-26 13:01:21,346 - INFO - Payment for Nikiema Samira imported successfully.
2025-02-26 13:01:21,369 - INFO - Payment for Zoungrana Abdoul Mohamine imported successfully.
2025-02-26 13:01:21,385 - INFO - Payment for Kabore Bachiratou imported successfully.
2025-02-26 13:01:21,401 - INFO - Payment for Nikiema Cheick Rayane  imported successfully.
2025-02-26 13:01:21,417 - INFO - Payment for Lengane  Aminata  imported successfully.
2025-02-26 13:01:21,440 - INFO - Payment for Fofana  Cherif Mpa Amine imported successfully.
2025-02-26 13:01:21,458 - INFO - Payment for Kiemde  Wendpanga Eric imported successfully.
2025-02-26 13:01:21,481 - INFO - Payment for Lengane Wassilatou imported successfully.
2025-02-26 13:01:21,503 - INFO - Payment for Nikiema Levis imported successfully.
2025-02-26 13:01:21,522 - INFO - Payment for Nikiema  Wend-Kuni Ibrahim imported successfully.
2025-02-26 13:01:21,539 - INFO - Payment for Kabore  Oumounaïchata imported successfully.
2025-02-26 13:01:21,553 - INFO - Payment for Gounabou Weykiga Rachel imported successfully.
2025-02-26 13:01:21,571 - INFO - Payment for Sare Wafa imported successfully.
2025-02-26 13:01:21,585 - INFO - Payment for Zorom Amiratou imported successfully.
2025-02-26 13:01:21,605 - INFO - Payment for Zongo Abdoul Mahmine imported successfully.
2025-02-26 13:01:21,622 - INFO - Payment for Passere Nafissatou imported successfully.
2025-02-26 13:01:21,637 - INFO - Payment for Bonkoungou Severin imported successfully.
2025-02-26 13:01:21,659 - INFO - Payment for Bonkoungou  Wendkouni Salome imported successfully.
2025-02-26 13:01:21,677 - INFO - Payment for Colompare  Weyira Miracle Loïs imported successfully.
2025-02-26 13:01:21,697 - INFO - Payment for Tassembedo Cheick Oumar imported successfully.
2025-02-26 13:01:21,715 - INFO - Payment for Togom Abdoul Bassite imported successfully.
2025-02-26 13:01:21,734 - INFO - Payment for Ouedraogo Roukietou imported successfully.
2025-02-26 13:01:21,753 - INFO - Payment for Nana S. Junior imported successfully.
2025-02-26 13:01:21,772 - INFO - Payment for Bonkoungou Renaud imported successfully.
2025-02-26 13:01:21,788 - INFO - Payment for Kinda Pengdwende Stella Emelie imported successfully.
2025-02-26 13:01:21,808 - INFO - Payment for Nana  Naomie Bienvenue imported successfully.
2025-02-26 13:01:21,823 - INFO - Payment for Lirasse  Anekogo Jerome  imported successfully.
2025-02-26 13:01:21,845 - INFO - Payment for Tapsoba Bibata imported successfully.
2025-02-26 13:01:21,864 - INFO - Payment for Bagyan Ramadane imported successfully.
2025-02-26 13:01:21,880 - INFO - Payment for Compaore  Bouchratou imported successfully.
2025-02-26 13:01:21,896 - INFO - Payment for Kabore  Rayane  imported successfully.
2025-02-26 13:01:21,914 - INFO - Payment for Houarobou Ouessodibam Raphael imported successfully.
2025-02-26 13:01:21,932 - INFO - Payment for Kouanda   Saidatou imported successfully.
2025-02-26 13:01:21,953 - INFO - Payment for Sangna  Eric Ismaïla Achille  imported successfully.
2025-02-26 13:01:21,976 - INFO - Payment for Boungoutongo Sylvie Wenian imported successfully.
2025-02-26 13:01:21,996 - INFO - Payment for Bikienga  Abdallah imported successfully.
2025-02-26 13:01:22,021 - INFO - Payment for Compaore  Abdoul Sabour imported successfully.
2025-02-26 13:01:22,038 - INFO - Payment for Compaore  Soumaya  imported successfully.
2025-02-26 13:01:22,056 - INFO - Payment for Ouedraogo Charine Sougr Nooma Fedelia imported successfully.
2025-02-26 13:01:22,080 - INFO - Payment for Ouedraogo Moazou imported successfully.
2025-02-26 13:01:22,101 - INFO - Payment for Sawadogo Absatou imported successfully.
2025-02-26 13:01:22,125 - INFO - Payment for Traore Tetoi Salim imported successfully.
2025-02-26 13:01:22,149 - INFO - Payment for Ouedraogo  Camille Rayimwende imported successfully.
2025-02-26 13:01:22,171 - INFO - Payment for Traore  Tefiè Mouslim imported successfully.
2025-02-26 13:01:22,187 - INFO - Payment for Ouedraogo Cheick Moubarack imported successfully.
2025-02-26 13:01:22,207 - INFO - Payment for Koubatora  Wepooni Eleazar Josue imported successfully.
2025-02-26 13:01:22,224 - INFO - Payment for Compaore Abdoul Halim imported successfully.
2025-02-26 13:01:22,244 - INFO - Payment for Sawadogo Abdoul Maguid imported successfully.
2025-02-26 13:01:22,264 - INFO - Payment for Sore Abdoul Razack imported successfully.
2025-02-26 13:01:22,282 - INFO - Payment for Ilboudo  kIswendssida Christ imported successfully.
2025-02-26 13:01:22,301 - INFO - Payment for Zoungrana Abdoul Waris imported successfully.
2025-02-26 13:01:22,319 - INFO - Payment for Sawadogo  Salam  imported successfully.
2025-02-26 13:01:22,342 - INFO - Payment for Silga  Nouriatou imported successfully.
2025-02-26 13:01:22,366 - INFO - Payment for Kabore  Hadidja imported successfully.
2025-02-26 13:01:22,390 - INFO - Payment for Zampalegre Cheik Tidiane imported successfully.
2025-02-26 13:01:22,413 - INFO - Payment for Gomgnimbou Wemmatou Saouratou imported successfully.
2025-02-26 13:01:22,428 - INFO - Payment for Kiema T. Olga imported successfully.
2025-02-26 13:01:22,446 - INFO - Payment for Kiema Wendmalgda Ingrid imported successfully.
2025-02-26 13:01:22,464 - INFO - Payment for Gouem Amssetou imported successfully.
2025-02-26 13:01:22,480 - INFO - Payment for Ilboudo Soumaya imported successfully.
2025-02-26 13:01:22,498 - INFO - Payment for Passere  Mohamadi imported successfully.
2025-02-26 13:01:22,515 - INFO - Payment for Malgoubri  Issaka  imported successfully.
2025-02-26 13:01:22,530 - INFO - Payment for Nacoulma Ange imported successfully.
2025-02-26 13:01:22,550 - INFO - Payment for Atibie Wenyim Josiane Triomphe imported successfully.
2025-02-26 13:01:22,570 - INFO - Payment for Zoungrana Abdoul Maguid imported successfully.
2025-02-26 13:01:22,592 - INFO - Payment for Kazienga Khalid imported successfully.
2025-02-26 13:01:22,612 - INFO - Payment for Sawadogo  Apolinnaire Wilfried Wamalgda imported successfully.
2025-02-26 13:01:22,635 - INFO - Payment for Zoungrana  Carlos Wendkouni Isidore imported successfully.
2025-02-26 13:01:22,658 - INFO - Payment for Sore  Amir Mouhminine imported successfully.
2025-02-26 13:01:22,681 - INFO - Payment for Sane  Abdoul Bassit  imported successfully.
2025-02-26 13:01:22,700 - INFO - Payment for Compaore Prisca imported successfully.
2025-02-26 13:01:22,719 - INFO - Payment for Noufe Julia Amaël Emeraude imported successfully.
2025-02-26 13:01:22,740 - INFO - Payment for Zongo Elie Yipene imported successfully.
2025-02-26 13:01:22,768 - INFO - Payment for Ouedraogo Wendyame Beatrice imported successfully.
2025-02-26 13:01:22,793 - INFO - Payment for Nacoulma Angela imported successfully.
2025-02-26 13:01:22,815 - INFO - Payment for Pelegsonre  Mohamadi  imported successfully.
2025-02-26 13:01:22,832 - INFO - Payment for Kazienga  Maïcharatou imported successfully.
2025-02-26 13:01:22,851 - INFO - Payment for Deme  Rachidatou imported successfully.
2025-02-26 13:01:22,873 - INFO - Payment for Kotani  Assagribouga Damien Ulrich imported successfully.
2025-02-26 13:01:22,892 - INFO - Payment for Kotani  Assagribouga Damien Ulrich imported successfully.
2025-02-26 13:01:22,913 - INFO - Payment for Guira Abdoul Maguid imported successfully.
2025-02-26 13:01:22,928 - INFO - Payment for Guira Ridwane imported successfully.
2025-02-26 13:01:22,943 - INFO - Payment for Billa Taslimatou Fatimata imported successfully.
2025-02-26 13:01:22,958 - INFO - Payment for Yoda Richard imported successfully.
2025-02-26 13:01:22,973 - INFO - Payment for Ilboudo D. Evan imported successfully.
2025-02-26 13:01:22,986 - INFO - Payment for Bouda Grace Alexandra imported successfully.
2025-02-26 13:01:22,998 - INFO - Payment for Simpore  Cheick Ibrahim imported successfully.
2025-02-26 13:01:23,011 - INFO - Payment for Hien  Youorkiè Laurianne imported successfully.
2025-02-26 13:01:23,028 - INFO - Payment for Sore Abdoul Razack imported successfully.
2025-02-26 13:01:23,045 - INFO - Payment for Congo Oumaimatou imported successfully.
2025-02-26 13:01:23,058 - INFO - Payment for Nikiema  Arsene  imported successfully.
2025-02-26 13:01:23,072 - INFO - Payment for Nikiema Elodie Betinia imported successfully.
2025-02-26 13:01:23,086 - INFO - Payment for Gambapebou Anoutoua Marie Imelda imported successfully.
2025-02-26 13:01:23,098 - INFO - Payment for Onadja Moudjahed Djasibo imported successfully.
2025-02-26 13:01:23,112 - INFO - Payment for Zoungrana  Pendwende Abdoul Hakim imported successfully.
2025-02-26 13:01:23,125 - INFO - Payment for Yonli Rasack imported successfully.
2025-02-26 13:01:23,136 - INFO - Payment for Guigma  Moustapha imported successfully.
2025-02-26 13:01:23,148 - INFO - Payment for Onadja  Badandi Abdoul Dramane  imported successfully.
2025-02-26 13:01:23,161 - INFO - Payment for Dimbone Hamza imported successfully.
2025-02-26 13:01:23,174 - INFO - Payment for Zampalegre Cheik Tidiane imported successfully.
2025-02-26 13:01:23,192 - INFO - Payment for Guigma Abdoul Kader imported successfully.
2025-02-26 13:01:23,211 - INFO - Payment for Zoungrana Abdoul Galilou imported successfully.
2025-02-26 13:01:23,230 - INFO - Payment for Compaore Alimata Sadia imported successfully.
2025-02-26 13:01:23,252 - INFO - Payment for Compaore Aisseta imported successfully.
2025-02-26 13:01:23,274 - INFO - Payment for Sawadogo Harouna imported successfully.
2025-02-26 13:01:23,296 - INFO - Payment for Tiendrebeogo W. Epiphane imported successfully.
2025-02-26 13:01:23,320 - INFO - Payment for Tassembedo Cheick Oumar imported successfully.
2025-02-26 13:01:23,339 - INFO - Payment for Lalsaga Patindé Ridwane imported successfully.
2025-02-26 13:01:23,364 - INFO - Payment for Zoungrana  Samadou imported successfully.
2025-02-26 13:01:23,383 - INFO - Payment for Tiendrebeogo Rakiswende Dimitri imported successfully.
2025-02-26 13:01:23,402 - INFO - Payment for Babine  Abdoull Latif imported successfully.
2025-02-26 13:01:23,421 - INFO - Payment for Compaore Abou Soufiane imported successfully.
2025-02-26 13:01:23,446 - INFO - Payment for Zongo Sayouba imported successfully.
2025-02-26 13:01:23,469 - INFO - Payment for Nana Geofroy imported successfully.
2025-02-26 13:01:23,487 - INFO - Payment for Zoungrana Abdoul Mohamine imported successfully.
2025-02-26 13:01:23,508 - INFO - Payment for Sawadogo  Nouriatou imported successfully.
2025-02-26 13:01:23,526 - INFO - Payment for Tiemtore  Gueswende Giovany imported successfully.
2025-02-26 13:01:23,539 - INFO - Payment for Conombo Mami Salamata imported successfully.
2025-02-26 13:01:23,555 - INFO - Payment for Bazie Aymar Alphaniste imported successfully.
2025-02-26 13:01:23,573 - INFO - Payment for Tiendrebeogo W. Epiphane imported successfully.
2025-02-26 13:01:23,590 - INFO - Payment for Compaore Rasmata imported successfully.
2025-02-26 13:01:23,604 - INFO - Payment for Ouedraogo  Nassirou imported successfully.
2025-02-26 13:01:23,616 - INFO - Payment for Sokondou Daouda imported successfully.
2025-02-26 13:01:23,628 - INFO - Payment for Compaore Balguissou imported successfully.
2025-02-26 13:01:23,641 - INFO - Payment for Compaore Rihanata imported successfully.
2025-02-26 13:01:23,656 - INFO - Payment for Rabo Ridwane imported successfully.
2025-02-26 13:01:23,671 - INFO - Payment for Nikiema Abdoul Wahid imported successfully.
2025-02-26 13:01:23,685 - INFO - Payment for Nikiema Abdoul Wahid imported successfully.
2025-02-26 13:01:23,699 - INFO - Payment for Ilboudo Nafissatou imported successfully.
2025-02-26 13:01:23,717 - INFO - Payment for Compaore Ah Ichata imported successfully.
2025-02-26 13:01:23,738 - INFO - Payment for Nikiema  Abdoul Said Rayanemanegré imported successfully.
2025-02-26 13:01:23,759 - INFO - Payment for Ilboudo Assiatou imported successfully.
2025-02-26 13:01:23,778 - INFO - Payment for Zorom Amiratou imported successfully.
2025-02-26 13:01:23,796 - INFO - Payment for Belemsigri  Fulbert  imported successfully.
2025-02-26 13:01:23,812 - INFO - Payment for Guigma Adama imported successfully.
2025-02-26 13:01:23,830 - INFO - Payment for Ouedraogo Alida Doriane imported successfully.
2025-02-26 13:01:23,844 - INFO - Payment for Ilboudo Aliyatou imported successfully.
2025-02-26 13:01:23,860 - INFO - Payment for Kombassere  Mohazou imported successfully.
2025-02-26 13:01:23,874 - INFO - Payment for Nikiema Waliatou Sougrenoma imported successfully.
2025-02-26 13:01:23,886 - INFO - Payment for Ilboudo Absetou imported successfully.
2025-02-26 13:01:23,902 - INFO - Payment for Sana Oumoul Salim imported successfully.
2025-02-26 13:01:23,916 - INFO - Payment for Zongo Awa imported successfully.
2025-02-26 13:01:23,933 - INFO - Payment for Compaore  benewende Mathis Arthur imported successfully.
2025-02-26 13:01:23,950 - INFO - Payment for Kabore Wendpanga Alphee imported successfully.
2025-02-26 13:01:23,971 - INFO - Payment for Sana  Mouniratou imported successfully.
2025-02-26 13:01:23,993 - INFO - Payment for Nion  Ouessono Kevin imported successfully.
2025-02-26 13:01:24,008 - INFO - Payment for Ilboudo Soumaya imported successfully.
2025-02-26 13:01:24,029 - INFO - Payment for Koanda Abdoul Maguid imported successfully.
2025-02-26 13:01:24,047 - INFO - Payment for Kouanda Mohamed Bechir imported successfully.
2025-02-26 13:01:24,068 - INFO - Payment for Zoungrana R. Isidore imported successfully.
2025-02-26 13:01:24,086 - INFO - Payment for Koanda Zoulhatou imported successfully.
2025-02-26 13:01:24,102 - INFO - Payment for Congo Oumaimatou imported successfully.
2025-02-26 13:01:24,118 - INFO - Payment for Gasbeogo Justin imported successfully.
2025-02-26 13:01:24,137 - INFO - Payment for Nana Nouriatou imported successfully.
2025-02-26 13:01:24,159 - INFO - Payment for Bilgo Rabiatou imported successfully.
2025-02-26 13:01:24,177 - INFO - Payment for Nikiema Abdoul Bassit  imported successfully.
2025-02-26 13:01:24,199 - INFO - Payment for Ouedraogo Abdoul Hafiz imported successfully.
2025-02-26 13:01:24,217 - INFO - Payment for Natama Josiane imported successfully.
2025-02-26 13:01:24,237 - INFO - Payment for Zoundi Stanislas imported successfully.
2025-02-26 13:01:24,259 - INFO - Payment for Bilgo Mahamadi Djamane Dinni imported successfully.
2025-02-26 13:01:24,272 - INFO - Payment for Bilgo Yousra imported successfully.
2025-02-26 13:01:24,286 - INFO - Payment for Ouedraogo Nonguisida Abdoulaye imported successfully.
2025-02-26 13:01:24,304 - INFO - Payment for Balma  Wendenda Benania imported successfully.
2025-02-26 13:01:24,325 - INFO - Payment for Zoungrana Aimane imported successfully.
2025-02-26 13:01:24,344 - INFO - Payment for Ilboudo  Landry Ulrich  imported successfully.
2025-02-26 13:01:24,364 - INFO - Payment for Togom Abdoul Bassite imported successfully.
2025-02-26 13:01:24,380 - INFO - Payment for Konvolbo  Imelda Lamoussa Edith imported successfully.
2025-02-26 13:01:24,397 - INFO - Payment for Zoungrana W. Adja Rasma imported successfully.
2025-02-26 13:01:24,412 - INFO - Payment for Fofana  Cherif Mpa Amine imported successfully.
2025-02-26 13:01:24,433 - INFO - Payment for Badiel Bernard imported successfully.
2025-02-26 13:01:24,453 - INFO - Payment for Ilboudo Auriane imported successfully.
2025-02-26 13:01:24,473 - INFO - Payment for Nikiema Laureine imported successfully.
2025-02-26 13:01:24,494 - INFO - Payment for Conombo Mami Salamata imported successfully.
2025-02-26 13:01:24,511 - INFO - Payment for Ouedraogo  Felicia Sindinmanegda  imported successfully.
2025-02-26 13:01:24,528 - INFO - Payment for Kere Ounsoun-Cri Jean Mervin imported successfully.
2025-02-26 13:01:24,545 - INFO - Payment for Compaore B. Salifou imported successfully.
2025-02-26 13:01:24,567 - INFO - Payment for Ilboudo D. Evan imported successfully.
2025-02-26 13:01:24,588 - INFO - Payment for Nikiema Jean Raphael imported successfully.
2025-02-26 13:01:24,604 - INFO - Payment for Gounabou Gouyire Olivier imported successfully.
2025-02-26 13:01:24,622 - INFO - Payment for Ilboudo  Grace Baowende Bereniche imported successfully.
2025-02-26 13:01:24,646 - INFO - Payment for Ouedraogo Abdoul Djalilou imported successfully.
2025-02-26 13:01:24,659 - INFO - Payment for Kiemde  Wendpanga Eric imported successfully.
2025-02-26 13:01:24,675 - INFO - Payment for Kuela Romeo imported successfully.
2025-02-26 13:01:24,698 - INFO - Payment for Togom Naïmatou imported successfully.
2025-02-26 13:01:24,717 - INFO - Payment for Bouda Jean Gregoire Marie imported successfully.
2025-02-26 13:01:24,730 - INFO - Payment for Nikiema Jean Michel imported successfully.
2025-02-26 13:01:24,750 - INFO - Payment for Sane  Abdoul Bassit  imported successfully.
2025-02-26 13:01:24,768 - INFO - Payment for Sawadogo Absatou imported successfully.
2025-02-26 13:01:24,784 - INFO - Payment for Ouedraogo Daouda imported successfully.
2025-02-26 13:01:24,799 - INFO - Payment for Sokondou Daouda imported successfully.
2025-02-26 13:01:24,812 - INFO - Payment for Sorgho W Jean Armel imported successfully.
2025-02-26 13:01:24,827 - INFO - Payment for Nikiema Levis imported successfully.
2025-02-26 13:01:24,845 - INFO - Payment for Conombo Abraham imported successfully.
2025-02-26 13:01:24,862 - INFO - Payment for Tassembedo Sadikou imported successfully.
2025-02-26 13:01:24,877 - INFO - Payment for Zoumbare Arienne imported successfully.
2025-02-26 13:01:24,895 - INFO - Payment for Sawadogo Souleymane imported successfully.
2025-02-26 13:01:24,913 - INFO - Payment for Ouedraogo Flore imported successfully.
2025-02-26 13:01:24,933 - INFO - Payment for Conombo Wassilatou imported successfully.
2025-02-26 13:01:24,952 - INFO - Payment for Ilboudo  Nelsonne  imported successfully.
2025-02-26 13:01:24,970 - INFO - Payment for Balma  Amir imported successfully.
2025-02-26 13:01:24,984 - INFO - Payment for Sawadogo Abdoul Nassirou imported successfully.
2025-02-26 13:01:25,002 - INFO - Payment for Baga  Pelagie Wend Puire imported successfully.
2025-02-26 13:01:25,021 - INFO - Payment for Zoungrana Adama imported successfully.
2025-02-26 13:01:25,042 - INFO - Payment for Soulga Latifatou imported successfully.
2025-02-26 13:01:25,062 - INFO - Payment for Yougbare Bousra imported successfully.
2025-02-26 13:01:25,083 - INFO - Payment for Nikiema Steeve Donal imported successfully.
2025-02-26 13:01:25,099 - INFO - Payment for Nikiema Jean Raphael imported successfully.
2025-02-26 13:01:25,112 - INFO - Payment for Tiendrebeogo Wendso Christ-vie imported successfully.
2025-02-26 13:01:25,133 - INFO - Payment for Kazoni Johvani Elisee imported successfully.
2025-02-26 13:01:25,152 - INFO - Payment for Congo Cheick Oumar Mohamed imported successfully.
2025-02-26 13:01:25,174 - INFO - Payment for Kouda Yasmina imported successfully.
2025-02-26 13:01:25,190 - INFO - Payment for Kinda Abdoul Mouhaz imported successfully.
2025-02-26 13:01:25,210 - INFO - Payment for Simpore Davy Casimir imported successfully.
2025-02-26 13:01:25,224 - INFO - Payment for Zigani Chonleo Nicole imported successfully.
2025-02-26 13:01:25,243 - INFO - Payment for Sawadogo Abdoul Maguid imported successfully.
2025-02-26 13:01:25,261 - INFO - Payment for Guira Ridwane imported successfully.
2025-02-26 13:01:25,283 - INFO - Payment for Kiema  Wend-So Charles le-Bon imported successfully.
2025-02-26 13:01:25,307 - INFO - Payment for Guira Abdoul Maguid imported successfully.
2025-02-26 13:01:25,335 - INFO - Payment for Kouanda   Saidatou imported successfully.
2025-02-26 13:01:25,365 - INFO - Payment for Kazienga  Maïcharatou imported successfully.
2025-02-26 13:01:25,390 - INFO - Payment for Tapsoba Bibata imported successfully.
2025-02-26 13:01:25,410 - INFO - Payment for Sawadogo  Wendinsongdé Bienvenue imported successfully.
2025-02-26 13:01:25,433 - INFO - Payment for Sawadogo  Nouriatou imported successfully.
2025-02-26 13:01:25,455 - INFO - Payment for Nikiema Elodie Betinia imported successfully.
2025-02-26 13:01:25,477 - INFO - Payment for Soulia  Aroune Mohamed Assad Yiyandin imported successfully.
2025-02-26 13:01:25,497 - INFO - Payment for Nikiema Cheick Rayane  imported successfully.
2025-02-26 13:01:25,516 - INFO - Payment for Ouedraogo  Rachidatou imported successfully.
2025-02-26 13:01:25,529 - INFO - Payment for Ouédraogo Pendgwende Balguissa imported successfully.
2025-02-26 13:01:25,546 - INFO - Payment for Zoungrana  Austin Pabegwende Prince  imported successfully.
2025-02-26 13:01:25,564 - INFO - Payment for Tapsoba Elie imported successfully.
2025-02-26 13:01:25,585 - INFO - Payment for Nacoulma Angela imported successfully.
2025-02-26 13:01:25,602 - INFO - Payment for Kabore  Hadidja imported successfully.
2025-02-26 13:01:25,622 - INFO - Payment for Tassembedo  Abdoul Waagid imported successfully.
2025-02-26 13:01:25,644 - INFO - Payment for Tapsoba Elise 1Er Jumeau imported successfully.
2025-02-26 13:01:25,665 - INFO - Payment for Ilboudo Nafissatou imported successfully.
2025-02-26 13:01:25,685 - INFO - Payment for Nana Wendkouni Romaine imported successfully.
2025-02-26 13:01:25,706 - INFO - Payment for Sawadogo Harouna imported successfully.
2025-02-26 13:01:25,727 - INFO - Payment for Ouedraogo Alida Doriane imported successfully.
2025-02-26 13:01:25,750 - INFO - Payment for Sawadogo Wendmangda Rolande imported successfully.
2025-02-26 13:01:25,769 - INFO - Payment for Passere  Mohamadi imported successfully.
2025-02-26 13:01:25,786 - INFO - Payment for Ouedraogo Cheick Moubarack imported successfully.
2025-02-26 13:01:25,804 - INFO - Payment for Bonzi Kamel imported successfully.
2025-02-26 13:01:25,822 - INFO - Payment for Kiendrebeogo  Guetawende Amirir imported successfully.
2025-02-26 13:01:25,844 - INFO - Payment for Ilboudo Evariste Wendlassida imported successfully.
2025-02-26 13:01:25,869 - INFO - Payment for Sangna  Eric Ismaïla Achille  imported successfully.
2025-02-26 13:01:25,893 - INFO - Payment for Zedouma  Rihanata  imported successfully.
2025-02-26 13:01:25,914 - INFO - Payment for Atibie Wenyim Josiane Triomphe imported successfully.
2025-02-26 13:01:25,934 - INFO - Payment for Sokondou Daouda imported successfully.
2025-02-26 13:01:25,952 - INFO - Payment for Belem Sougrooma Azaph Kevin imported successfully.
2025-02-26 13:01:25,969 - INFO - Payment for Nikiema  Wend-Kuni Ibrahim imported successfully.
2025-02-26 13:01:25,986 - INFO - Payment for Nacoulma Ange imported successfully.
2025-02-26 13:01:26,007 - INFO - Payment for Compaore  Abdoul Sabour imported successfully.
2025-02-26 13:01:26,029 - INFO - Payment for Gouem Amssetou imported successfully.
2025-02-26 13:01:26,049 - INFO - Payment for Niaone Assane imported successfully.
2025-02-26 13:01:26,067 - INFO - Payment for Tiendrebeogo Abdoul Ganilou imported successfully.
2025-02-26 13:01:26,084 - INFO - Payment for Compaore  Abdoul Shakour imported successfully.
2025-02-26 13:01:26,102 - INFO - Payment for Nassa  Kiswendsida Abdoul Maguid imported successfully.
2025-02-26 13:01:26,123 - INFO - Payment for Kiendrebeogo  Basseninwende Eliazer David imported successfully.
2025-02-26 13:01:26,143 - INFO - Payment for Passere Nafissatou imported successfully.
2025-02-26 13:01:26,163 - INFO - Payment for Nikiema  Pawendtaore Ulrich Junior imported successfully.
2025-02-26 13:01:26,180 - INFO - Payment for Gounabou Weykiga Rachel imported successfully.
2025-02-26 13:01:26,201 - INFO - Payment for Yonli Rasack imported successfully.
2025-02-26 13:01:26,219 - INFO - Payment for Malgoubri  Issaka  imported successfully.
2025-02-26 13:01:26,234 - INFO - Payment for Kabre Elise imported successfully.
2025-02-26 13:01:26,251 - INFO - Payment for Niaone Assana imported successfully.
2025-02-26 13:01:26,273 - INFO - Payment for Zigani Chonleo Nicole imported successfully.
2025-02-26 13:01:26,294 - INFO - Payment for Gouem Kassoum imported successfully.
2025-02-26 13:01:26,316 - INFO - Payment for Ouedraogo Aïdatou imported successfully.
2025-02-26 13:01:26,338 - INFO - Payment for Sangna  Eric Ismaïla Achille  imported successfully.
2025-02-26 13:01:26,355 - INFO - Payment for Sawadogo Kiswendsida Felicite Grace imported successfully.
2025-02-26 13:01:26,371 - INFO - Payment for Nikiema Samira imported successfully.
2025-02-26 13:01:26,385 - INFO - Payment for Kuela Romeo imported successfully.
2025-02-26 13:01:26,400 - INFO - Payment for Ilboudo Raïssa imported successfully.
2025-02-26 13:01:26,420 - INFO - Payment for Tassembedo  Abdoul Maguid  imported successfully.
2025-02-26 13:01:26,441 - INFO - Payment for Kontogom Grace Divine  imported successfully.
2025-02-26 13:01:26,466 - INFO - Payment for Sakande  Abdoul Gafarou imported successfully.
2025-02-26 13:01:26,487 - INFO - Payment for Sorgho W Jean Armel imported successfully.
2025-02-26 13:01:26,508 - INFO - Payment for Nana  Naomie Bienvenue imported successfully.
2025-02-26 13:01:26,527 - INFO - Payment for Guigma Adama imported successfully.
2025-02-26 13:01:26,550 - INFO - Payment for Monean  Gael imported successfully.
2025-02-26 13:01:26,573 - INFO - Payment for Zoungrana Abdoul Galilou imported successfully.
2025-02-26 13:01:26,595 - INFO - Payment for Silga  Nouriatou imported successfully.
2025-02-26 13:01:26,618 - INFO - Payment for Gounabou Gouyire Olivier imported successfully.
2025-02-26 13:01:26,640 - INFO - Payment for Compaore  Wendinso Adriell imported successfully.
2025-02-26 13:01:26,642 - ERROR - Eleve with ID 1623 does not exist.
2025-02-26 13:01:26,664 - INFO - Payment for Yougbare Emmanuel Ramadan imported successfully.
2025-02-26 13:01:26,683 - INFO - Payment for Goumbane Ismael imported successfully.
2025-02-26 13:01:26,701 - INFO - Payment for Kabre K. Berenger imported successfully.
2025-02-26 13:01:26,716 - INFO - Payment for Zongo Abdoul Mahmine imported successfully.
2025-02-26 13:01:26,737 - INFO - Payment for Sore  Amir Mouhminine imported successfully.
2025-02-26 13:01:26,757 - INFO - Payment for Nikiema  Bibata  imported successfully.
2025-02-26 13:01:26,775 - INFO - Payment for Kazoni Ouibissma Cherifa Andrea imported successfully.
2025-02-26 13:01:26,793 - INFO - Payment for Bagyan Ramadane imported successfully.
2025-02-26 13:01:26,814 - INFO - Payment for Onadja Abdou imported successfully.
2025-02-26 13:01:26,831 - INFO - Payment for Malgoubri  Issaka  imported successfully.
2025-02-26 13:01:26,848 - INFO - Payment for Sokondou Daouda imported successfully.
2025-02-26 13:01:26,864 - INFO - Payment for Nikiema Samira imported successfully.
2025-02-26 13:01:26,878 - INFO - Payment for Zoungrana  Ibrahim  imported successfully.
2025-02-26 13:01:26,892 - INFO - Payment for Badiel Bernard imported successfully.
2025-02-26 13:01:26,907 - INFO - Payment for Zampalegre Cheik Tidiane imported successfully.
2025-02-26 13:01:26,921 - INFO - Payment for Sorgho Paligwende Djemilatou imported successfully.
2025-02-26 13:01:26,937 - INFO - Payment for Kiendrebeogo  Basseninwende Eliazer David imported successfully.
2025-02-26 13:01:26,955 - INFO - Payment for Bouda Jean Gregoire Marie imported successfully.
2025-02-26 13:01:26,972 - INFO - Payment for Kabre K. Berenger imported successfully.
2025-02-26 13:01:26,987 - INFO - Payment for Nikiema Cheick Rayane  imported successfully.
2025-02-26 13:01:27,001 - INFO - Payment for Guigma Adama imported successfully.
2025-02-26 13:01:27,015 - INFO - Payment for Zoungrana Abdoul Maguid imported successfully.
2025-02-26 13:01:27,030 - INFO - Payment for Sagne  Adja Mamounata imported successfully.
2025-02-26 13:01:27,043 - INFO - Payment for Conombo Mami Salamata imported successfully.
2025-02-26 13:01:27,058 - INFO - Payment for Sawadogo  Nina wendinsso imported successfully.
2025-02-26 13:01:27,079 - INFO - Payment for Sawadogo  Apolinnaire Wilfried Wamalgda imported successfully.
2025-02-26 13:01:27,100 - INFO - Payment for Sana  Mouniratou imported successfully.
2025-02-26 13:01:27,121 - INFO - Payment for Ilboudo Soumaya imported successfully.
2025-02-26 13:01:27,137 - INFO - Payment for Sawadogo  Apolinnaire Wilfried Wamalgda imported successfully.
2025-02-26 13:01:27,155 - INFO - Payment for Kiemtore Peng-Benin wende Hilarie Tanya imported successfully.
2025-02-26 13:01:27,170 - INFO - Payment for Kabore  Rayane  imported successfully.
2025-02-26 13:01:27,183 - INFO - Payment for Compaore Abdoul Halim imported successfully.
2025-02-26 13:01:27,203 - INFO - Payment for Nana Joris imported successfully.
2025-02-27 10:47:10,990 - INFO - Importing Paiements...
2025-02-27 10:47:11,003 - INFO - Payment for Kazoni  Ives Herbert imported successfully.
2025-02-27 10:47:11,012 - INFO - Payment for Nikiema  Arsene  imported successfully.
2025-02-27 10:47:11,022 - INFO - Payment for Koara Awoula Mélissa imported successfully.
2025-02-27 10:47:11,032 - INFO - Payment for Sobgo Cedrix Ebenegre imported successfully.
2025-02-27 10:47:11,042 - INFO - Payment for Nikiema Elodie Betinia imported successfully.
2025-02-27 10:47:11,059 - INFO - Payment for Nacoulma Ange imported successfully.
2025-02-27 10:47:11,070 - INFO - Payment for Some Nebnow Salvador Casimir imported successfully.
2025-02-27 10:47:11,079 - INFO - Payment for Yougbare Bousra imported successfully.
2025-02-27 10:47:11,089 - INFO - Payment for Sobgo Cedrix Ebenegre imported successfully.
2025-02-27 10:47:11,098 - INFO - Payment for Nacoulma Angela imported successfully.
2025-02-27 10:47:11,108 - INFO - Payment for Pargnande Lydie imported successfully.
2025-02-27 10:47:11,117 - INFO - Payment for Koara Awoula Mélissa imported successfully.
2025-02-27 10:47:11,130 - INFO - Payment for Tougma W. Ezzidine imported successfully.
2025-02-27 10:47:11,142 - INFO - Payment for Sobgo Benewende Pamela imported successfully.
2025-02-27 10:47:11,151 - INFO - Payment for Compaore B. Salifou imported successfully.
2025-02-27 10:47:11,161 - INFO - Payment for Sobgo Benewende Pamela imported successfully.
2025-02-27 10:47:11,174 - INFO - Payment for Tapsoba Elise 1Er Jumeau imported successfully.
2025-02-27 10:47:11,184 - INFO - Payment for Tigasse Augustine Flore imported successfully.
2025-02-27 10:47:11,194 - INFO - Payment for Koara Awoula Mélissa imported successfully.
2025-02-27 10:47:11,205 - INFO - Payment for Kabore Divine imported successfully.
2025-02-27 10:47:11,215 - INFO - Payment for Tapsoba Elie imported successfully.
2025-02-27 10:47:11,225 - INFO - Payment for Tougma W. Ezzidine imported successfully.
2025-02-27 10:47:11,235 - INFO - Payment for Tenkodogo Anna Gracia imported successfully.
2025-02-27 10:47:11,244 - INFO - Payment for Ilboudo Arthur imported successfully.
2025-02-27 10:47:11,254 - INFO - Payment for Tenkodogo Anna Gracia imported successfully.
2025-02-27 10:47:11,264 - INFO - Payment for Pargnade Maifiai imported successfully.
2025-02-27 10:47:11,273 - INFO - Payment for Tassembedo Abdoul Alim imported successfully.
2025-02-27 10:47:11,283 - INFO - Payment for Kabore Alizeta Wend-Benedo Amiratou imported successfully.
2025-02-27 10:47:11,292 - INFO - Payment for Nikiema  Bnewendé Christ Armel imported successfully.
2025-02-27 10:47:11,302 - INFO - Payment for Pargnande Lydie imported successfully.
2025-02-27 10:47:11,311 - INFO - Payment for Pargnade Maifiai imported successfully.
2025-02-27 10:47:11,324 - INFO - Payment for Nacoulma Wendpayande Aliatou imported successfully.
2025-02-27 10:47:11,332 - INFO - Payment for Ouedraogo Flore imported successfully.
2025-02-27 10:47:11,341 - INFO - Payment for Ouedraogo Wendyame Beatrice imported successfully.
2025-02-27 10:47:11,351 - INFO - Payment for Tassembedo Abdoul Alim imported successfully.
2025-02-27 10:47:11,360 - INFO - Payment for Tassembedo Sadikou imported successfully.
2025-02-27 10:47:11,369 - INFO - Payment for Nacoulma Roukiatou imported successfully.
2025-02-27 10:47:11,380 - INFO - Payment for Ouedraogo Abdoul Djalilou imported successfully.
2025-02-27 10:47:11,390 - INFO - Payment for Tiemtore  Gueswende Giovany imported successfully.
2025-02-27 10:47:11,399 - INFO - Payment for Yoda Naïla imported successfully.
2025-02-27 10:47:11,409 - INFO - Payment for Tiemtore  Gueswende Giovany imported successfully.
2025-02-27 10:47:11,418 - INFO - Payment for Deme  Rachidatou imported successfully.
2025-02-27 10:47:11,428 - INFO - Payment for Compaore Osias imported successfully.
2025-02-27 10:47:11,437 - INFO - Payment for Deme  Rachidatou imported successfully.
2025-02-27 10:47:11,450 - INFO - Payment for Yoda Naïla imported successfully.
2025-02-27 10:47:11,461 - INFO - Payment for Badiel Bernard imported successfully.
2025-02-27 10:47:11,481 - INFO - Payment for Zongo Sayouba imported successfully.
2025-02-27 10:47:11,494 - INFO - Payment for Sore Sahadatou imported successfully.
2025-02-27 10:47:11,505 - INFO - Payment for Tigasse  Assaloue Boris imported successfully.
2025-02-27 10:47:11,523 - INFO - Payment for Tassembedo Cheick Oumar imported successfully.
2025-02-27 10:47:11,535 - INFO - Payment for Sore Sahadatou imported successfully.
2025-02-27 10:47:11,546 - INFO - Payment for Nikiema Waliatou Sougrenoma imported successfully.
2025-02-27 10:47:11,557 - INFO - Payment for Kinda Pengdwende Stella Emelie imported successfully.
2025-02-27 10:47:11,569 - INFO - Payment for Tigasse  Assaloue Boris imported successfully.
2025-02-27 10:47:11,580 - INFO - Payment for Soulga Latifatou imported successfully.
2025-02-27 10:47:11,589 - INFO - Payment for Tigasse Augustine Flore imported successfully.
2025-02-27 10:47:11,599 - INFO - Payment for Kinda Nadia imported successfully.
2025-02-27 10:47:11,609 - INFO - Payment for Compaore Prisca imported successfully.
2025-02-27 10:47:11,619 - INFO - Payment for Kologo Anne Marie imported successfully.
2025-02-27 10:47:11,629 - INFO - Payment for Kabore  Seraphine Djelika imported successfully.
2025-02-27 10:47:11,638 - INFO - Payment for Ilboudo Abdoul Aziz Kibsa  imported successfully.
2025-02-27 10:47:11,647 - INFO - Payment for Kinda Nadia imported successfully.
2025-02-27 10:47:11,656 - INFO - Payment for Tassembedo Rachid imported successfully.
2025-02-27 10:47:11,665 - INFO - Payment for Kabore  Seraphine Djelika imported successfully.
2025-02-27 10:47:11,676 - INFO - Payment for Nikiema Wendkouni Emeline imported successfully.
2025-02-27 10:47:11,687 - INFO - Payment for Koanda Zoulhatou imported successfully.
2025-02-27 10:47:11,696 - INFO - Payment for Compaore Alimata Sadia imported successfully.
2025-02-27 10:47:11,705 - INFO - Payment for Koanda Abdoul Maguid imported successfully.
2025-02-27 10:47:11,715 - INFO - Payment for Kabore  Seraphine Djelika imported successfully.
2025-02-27 10:47:11,725 - INFO - Payment for Tassembedo Rachid imported successfully.
2025-02-27 10:47:11,734 - INFO - Payment for Rabo Nouriatou imported successfully.
2025-02-27 10:47:11,743 - INFO - Payment for Zabre  Stephane Wendkuni imported successfully.
2025-02-27 10:47:11,753 - INFO - Payment for Kouanda Mohamed Bechir imported successfully.
2025-02-27 10:47:11,762 - INFO - Payment for Ouedraogo Moazou imported successfully.
2025-02-27 10:47:11,771 - INFO - Payment for Kologo Delwende Tatiana Yvette imported successfully.
2025-02-27 10:47:11,780 - INFO - Payment for Lengane Nabou Mariam imported successfully.
2025-02-27 10:47:11,789 - INFO - Payment for Kabore Sidbewende Severin imported successfully.
2025-02-27 10:47:11,798 - INFO - Payment for Zoungrana Abdoul Mohamine imported successfully.
2025-02-27 10:47:11,808 - INFO - Payment for Lengane Nabou Mariam imported successfully.
2025-02-27 10:47:11,817 - INFO - Payment for Kabore Sidbewende Severin imported successfully.
2025-02-27 10:47:11,826 - INFO - Payment for Ilboudo Abdoul Aziz Kibsa  imported successfully.
2025-02-27 10:47:11,838 - INFO - Payment for Ilboudo Laeticia imported successfully.
2025-02-27 10:47:11,847 - INFO - Payment for Congo Oumaimatou imported successfully.
2025-02-27 10:47:11,859 - INFO - Payment for Ouedraogo  Felicia Sindinmanegda  imported successfully.
2025-02-27 10:47:11,869 - INFO - Payment for Sare Aliyatou imported successfully.
2025-02-27 10:47:11,878 - INFO - Payment for Tiemtore  Wend-vie Betsaleel imported successfully.
2025-02-27 10:47:11,889 - INFO - Payment for Nikiema Abdoul Wahid imported successfully.
2025-02-27 10:47:11,898 - INFO - Payment for Colompare  Weyira Miracle Loïs imported successfully.
2025-02-27 10:47:11,908 - INFO - Payment for Ouedraogo  Felicia Sindinmanegda  imported successfully.
2025-02-27 10:47:11,918 - INFO - Payment for Sare Aliyatou imported successfully.
2025-02-27 10:47:11,928 - INFO - Payment for Tassembedo  Abdoul Waagid imported successfully.
2025-02-27 10:47:11,939 - INFO - Payment for Colompare  Weyira Miracle Loïs imported successfully.
2025-02-27 10:47:11,951 - INFO - Payment for Lirasse  Anekogo Jerome  imported successfully.
2025-02-27 10:47:11,963 - INFO - Payment for Tassembedo  Abdoul Maguid  imported successfully.
2025-02-27 10:47:11,975 - INFO - Payment for Sanou Larissa imported successfully.
2025-02-27 10:47:11,985 - INFO - Payment for Sanou Larissa imported successfully.
2025-02-27 10:47:11,995 - INFO - Payment for Kabre Jean Bertrand Wendkouni imported successfully.
2025-02-27 10:47:12,006 - INFO - Payment for Tiema  Wendpanga Hicham Edem Sunrise imported successfully.
2025-02-27 10:47:12,016 - INFO - Payment for Goumbane Ismael imported successfully.
2025-02-27 10:47:12,026 - INFO - Payment for Tiemtore W. Josias imported successfully.
2025-02-27 10:47:12,042 - INFO - Payment for Kabre K. Berenger imported successfully.
2025-02-27 10:47:12,055 - INFO - Payment for Tassembedo  Abdoul Maguid  imported successfully.
2025-02-27 10:47:12,066 - INFO - Payment for Tiema  Wendpanga Hicham Edem Sunrise imported successfully.
2025-02-27 10:47:12,076 - INFO - Payment for Tiemtore  Wend-vie Betsaleel imported successfully.
2025-02-27 10:47:12,089 - INFO - Payment for Diapa  Dimitri  imported successfully.
2025-02-27 10:47:12,103 - INFO - Payment for Tassembedo  Abdoul Waagid imported successfully.
2025-02-27 10:47:12,115 - INFO - Payment for Tiema  Wendpanga Hicham Edem Sunrise imported successfully.
2025-02-27 10:47:12,126 - INFO - Payment for Congo Cheick Oumar Mohamed imported successfully.
2025-02-27 10:47:12,136 - INFO - Payment for Kabore Sabane imported successfully.
2025-02-27 10:47:12,147 - INFO - Payment for Simpore Risnata imported successfully.
2025-02-27 10:47:12,157 - INFO - Payment for Bouda  G. Steve Vladimir imported successfully.
2025-02-27 10:47:12,167 - INFO - Payment for Sawadogo Harouna imported successfully.
2025-02-27 10:47:12,176 - INFO - Payment for Soudre Abdoul Mohamine imported successfully.
2025-02-27 10:47:12,187 - INFO - Payment for Sare Wafa imported successfully.
2025-02-27 10:47:12,197 - INFO - Payment for Billa Taslimatou Fatimata imported successfully.
2025-02-27 10:47:12,207 - INFO - Payment for Bouda  G. Steve Vladimir imported successfully.
2025-02-27 10:47:12,216 - INFO - Payment for Simpore Risnata imported successfully.
2025-02-27 10:47:12,227 - INFO - Payment for Ouedraogo Daouda imported successfully.
2025-02-27 10:47:12,236 - INFO - Payment for Sore  Abdoul Gani imported successfully.
2025-02-27 10:47:12,246 - INFO - Payment for Sawadogo  Sougr-Nooma Abdoul Nassir  imported successfully.
2025-02-27 10:47:12,257 - INFO - Payment for Congo Faouzia imported successfully.
2025-02-27 10:47:12,268 - INFO - Payment for Lengane  Aminata  imported successfully.
2025-02-27 10:47:12,278 - INFO - Payment for Nikiema Laureine imported successfully.
2025-02-27 10:47:12,289 - INFO - Payment for Kiendrebeogo  Guetawende Amirir imported successfully.
2025-02-27 10:47:12,299 - INFO - Payment for Sawadogo  Apolinnaire Wilfried Wamalgda imported successfully.
2025-02-27 10:47:12,308 - INFO - Payment for Bouda Grace Alexandra imported successfully.
2025-02-27 10:47:12,318 - INFO - Payment for Congo Cheick Oumar Mohamed imported successfully.
2025-02-27 10:47:12,328 - INFO - Payment for Sawadogo  Apolinnaire Wilfried Wamalgda imported successfully.
2025-02-27 10:47:12,337 - INFO - Payment for Kiendrebeogo Abdoul Maguid  imported successfully.
2025-02-27 10:47:12,347 - INFO - Payment for Ouedraogo Daouda imported successfully.
2025-02-27 10:47:12,358 - INFO - Payment for Thiombiano P. Jeannette imported successfully.
2025-02-27 10:47:12,368 - INFO - Payment for Kongo  Mawada Zeinabou imported successfully.
2025-02-27 10:47:12,378 - INFO - Payment for Compaore Aisseta imported successfully.
2025-02-27 10:47:12,390 - INFO - Payment for Simpore  Cheick Ibrahim imported successfully.
2025-02-27 10:47:12,399 - INFO - Payment for Lengani Issouf imported successfully.
2025-02-27 10:47:12,408 - INFO - Payment for Sore  Abdoul Gani imported successfully.
2025-02-27 10:47:12,416 - INFO - Payment for Ouedraogo Roukietou imported successfully.
2025-02-27 10:47:12,425 - INFO - Payment for Simpore  Cheick Ibrahim imported successfully.
2025-02-27 10:47:12,434 - INFO - Payment for Thiombiano P. Jeannette imported successfully.
2025-02-27 10:47:12,446 - INFO - Payment for Kongo  Mawada Zeinabou imported successfully.
2025-02-27 10:47:12,455 - INFO - Payment for Kabore  Hadidja imported successfully.
2025-02-27 10:47:12,464 - INFO - Payment for Sawadogo  Sougr-Nooma Abdoul Nassir  imported successfully.
2025-02-27 10:47:12,475 - INFO - Payment for Kiema  Wend-So Charles le-Bon imported successfully.
2025-02-27 10:47:12,485 - INFO - Payment for Kiema  Wend-So Charles le-Bon imported successfully.
2025-02-27 10:47:12,494 - INFO - Payment for Sawadogo Oumoul Salim imported successfully.
2025-02-27 10:47:12,504 - INFO - Payment for Kabore Bachiratou imported successfully.
2025-02-27 10:47:12,513 - INFO - Payment for Nacoulma Rafiatou imported successfully.
2025-02-27 10:47:12,525 - INFO - Payment for Simpore Layilatou imported successfully.
2025-02-27 10:47:12,537 - INFO - Payment for Compaore Rihanata imported successfully.
2025-02-27 10:47:12,547 - INFO - Payment for Ouedraogo Deborah Tinwende imported successfully.
2025-02-27 10:47:12,557 - INFO - Payment for Kabre Elise imported successfully.
2025-02-27 10:47:12,565 - INFO - Payment for Kiema T. Olga imported successfully.
2025-02-27 10:47:12,578 - INFO - Payment for Kiendrebeogo  Guetawende Amirir imported successfully.
2025-02-27 10:47:12,587 - INFO - Payment for Kongo  Mawada Zeinabou imported successfully.
2025-02-27 10:47:12,597 - INFO - Payment for Compaore Balguissou imported successfully.
2025-02-27 10:47:12,606 - INFO - Payment for Sore  Abdoul Gani imported successfully.
2025-02-27 10:47:12,617 - INFO - Payment for Ouedraogo Nathanael imported successfully.
2025-02-27 10:47:12,630 - INFO - Payment for Zoungrana Aimane imported successfully.
2025-02-27 10:47:12,639 - INFO - Payment for Kiendrebeogo Abdoul Maguid  imported successfully.
2025-02-27 10:47:12,649 - INFO - Payment for Bouda Deborah Emmanuelle imported successfully.
2025-02-27 10:47:12,658 - INFO - Payment for Bonzi Kamel imported successfully.
2025-02-27 10:47:12,667 - INFO - Payment for Compaore Abdoul Halim imported successfully.
2025-02-27 10:47:12,676 - INFO - Payment for Ilboudo  Landry Ulrich  imported successfully.
2025-02-27 10:47:12,686 - INFO - Payment for Compaore Djaouratou imported successfully.
2025-02-27 10:47:12,696 - INFO - Payment for Bouda Wendpanga Clovis imported successfully.
2025-02-27 10:47:12,705 - INFO - Payment for Guigma  Abdoul Halim 2eme jumeau imported successfully.
2025-02-27 10:47:12,714 - INFO - Payment for Tiendrebeogo Wendso Christ-vie imported successfully.
2025-02-27 10:47:12,727 - INFO - Payment for Some Nebnow Salvador Casimir imported successfully.
2025-02-27 10:47:12,739 - INFO - Payment for Nikiema Samira imported successfully.
2025-02-27 10:47:12,754 - INFO - Payment for Kabore Mouhaz Amin imported successfully.
2025-02-27 10:47:12,764 - INFO - Payment for Guigma Adboul Alim imported successfully.
2025-02-27 10:47:12,777 - INFO - Payment for Kiemtore Yasmine imported successfully.
2025-02-27 10:47:12,787 - INFO - Payment for Kiemtore Yasmine imported successfully.
2025-02-27 10:47:12,797 - INFO - Payment for Tiendrebeogo Wendso Christ-vie imported successfully.
2025-02-27 10:47:12,806 - INFO - Payment for Kuela Romeo imported successfully.
2025-02-27 10:47:12,815 - INFO - Payment for Ilboudo  Landry Ulrich  imported successfully.
2025-02-27 10:47:12,825 - INFO - Payment for Nikiema  Abdoul Said Rayanemanegré imported successfully.
2025-02-27 10:47:12,835 - INFO - Payment for Tiemtore Lamoussa Rosine imported successfully.
2025-02-27 10:47:12,844 - INFO - Payment for Tiemtore Lamoussa Rosine imported successfully.
2025-02-27 10:47:12,856 - INFO - Payment for Tiendrebeogo Abdoul Ganilou imported successfully.
2025-02-27 10:47:12,867 - INFO - Payment for Gouem Boukare Morgan imported successfully.
2025-02-27 10:47:12,876 - INFO - Payment for Zedouma  Rihanata  imported successfully.
2025-02-27 10:47:12,888 - INFO - Payment for Zedouma  Rihanata  imported successfully.
2025-02-27 10:47:12,898 - INFO - Payment for Gounabou Weykiga Rachel imported successfully.
2025-02-27 10:47:12,908 - INFO - Payment for Ilboudo  Grace Baowende Bereniche imported successfully.
2025-02-27 10:47:12,918 - INFO - Payment for Sane  Abdoul Bassit  imported successfully.
2025-02-27 10:47:12,928 - INFO - Payment for Zabpaodre  Isidore imported successfully.
2025-02-27 10:47:12,940 - INFO - Payment for Kiendrebeogo  Basseninwende Eliazer David imported successfully.
2025-02-27 10:47:12,949 - INFO - Payment for Belemsigri  Fulbert  imported successfully.
2025-02-27 10:47:12,961 - INFO - Payment for Sore  Mohamed Amine  imported successfully.
2025-02-27 10:47:12,971 - INFO - Payment for Compaore  Abdoul Sabour imported successfully.
2025-02-27 10:47:12,981 - INFO - Payment for Konvolbo  Imelda Lamoussa Edith imported successfully.
2025-02-27 10:47:12,990 - INFO - Payment for Kombassere  Mohazou imported successfully.
2025-02-27 10:47:13,000 - INFO - Payment for Sore  Mohamed Amine  imported successfully.
2025-02-27 10:47:13,009 - INFO - Payment for Tassembedo  Mashhoud imported successfully.
2025-02-27 10:47:13,020 - INFO - Payment for Sangna  Eric Ismaïla Achille  imported successfully.
2025-02-27 10:47:13,029 - INFO - Payment for Ilboudo Arsene imported successfully.
2025-02-27 10:47:13,041 - INFO - Payment for Bismoiga P. Oumaimata imported successfully.
2025-02-27 10:47:13,051 - INFO - Payment for Konate  Malicka  imported successfully.
2025-02-27 10:47:13,060 - INFO - Payment for Kiendrebeogo  Basseninwende Eliazer David imported successfully.
2025-02-27 10:47:13,069 - INFO - Payment for Konate  Malicka  imported successfully.
2025-02-27 10:47:13,078 - INFO - Payment for Compaore  Abdoul Sabour imported successfully.
2025-02-27 10:47:13,088 - INFO - Payment for Sakande  Abdoul Gafarou imported successfully.
2025-02-27 10:47:13,098 - INFO - Payment for Compaore  Bouchratou imported successfully.
2025-02-27 10:47:13,109 - INFO - Payment for Ilboudo  Grace Baowende Bereniche imported successfully.
2025-02-27 10:47:13,119 - INFO - Payment for Compaore  Bouchratou imported successfully.
2025-02-27 10:47:13,128 - INFO - Payment for Bance  Ashraf imported successfully.
2025-02-27 10:47:13,138 - INFO - Payment for Bance  Ashraf imported successfully.
2025-02-27 10:47:13,148 - INFO - Payment for Compaore  Bouchratou imported successfully.
2025-02-27 10:47:13,159 - INFO - Payment for Kagambega  Kiswendssida Jacques imported successfully.
2025-02-27 10:47:13,168 - INFO - Payment for Ouedraogo Cheick Moubarack imported successfully.
2025-02-27 10:47:13,177 - INFO - Payment for Bikienga  Abdallah imported successfully.
2025-02-27 10:47:13,186 - INFO - Payment for Bismoiga P. Oumaimata imported successfully.
2025-02-27 10:47:13,196 - INFO - Payment for Zoungrana  Samadou imported successfully.
2025-02-27 10:47:13,206 - INFO - Payment for Nikiema  Bibata  imported successfully.
2025-02-27 10:47:13,215 - INFO - Payment for Rouamba  Aliatou imported successfully.
2025-02-27 10:47:13,224 - INFO - Payment for Sangna  Eric Ismaïla Achille  imported successfully.
2025-02-27 10:47:13,233 - INFO - Payment for Silga  Nouriatou imported successfully.
2025-02-27 10:47:13,244 - INFO - Payment for Baga  Pelagie Wend Puire imported successfully.
2025-02-27 10:47:13,254 - INFO - Payment for Kombassere  Mohazou imported successfully.
2025-02-27 10:47:13,265 - INFO - Payment for Kiemtore Peng-Benin wende Hilarie Tanya imported successfully.
2025-02-27 10:47:13,278 - INFO - Payment for Sorgho W Jean Armel imported successfully.
2025-02-27 10:47:13,288 - INFO - Payment for Tassembedo  Mashhoud imported successfully.
2025-02-27 10:47:13,297 - INFO - Payment for Sawadogo  Myra Faïsa Maïsharatou imported successfully.
2025-02-27 10:47:13,308 - INFO - Payment for Ilboudo Arsene imported successfully.
2025-02-27 10:47:13,317 - INFO - Payment for Bance Haoulatou imported successfully.
2025-02-27 10:47:13,327 - INFO - Payment for Silga  Nouriatou imported successfully.
2025-02-27 10:47:13,336 - INFO - Payment for Konvolbo  Imelda Lamoussa Edith imported successfully.
2025-02-27 10:47:13,345 - INFO - Payment for Sore  Mohamed Amine  imported successfully.
2025-02-27 10:47:13,356 - INFO - Payment for Ilboudo Charles Borromee imported successfully.
2025-02-27 10:47:13,366 - INFO - Payment for Bance  Ashraf imported successfully.
2025-02-27 10:47:13,379 - INFO - Payment for Bikienga  Abdallah imported successfully.
2025-02-27 10:47:13,389 - INFO - Payment for Konate  Malicka  imported successfully.
2025-02-27 10:47:13,399 - INFO - Payment for Noufe Julia Amaël Emeraude imported successfully.
2025-02-27 10:47:13,409 - INFO - Payment for Sawadogo  Joceline  Wenddabo imported successfully.
2025-02-27 10:47:13,419 - INFO - Payment for Yougbare   Abdoul Razack imported successfully.
2025-02-27 10:47:13,428 - INFO - Payment for Kombassere  Mohazou imported successfully.
2025-02-27 10:47:13,438 - INFO - Payment for Rouamba Nadine imported successfully.
2025-02-27 10:47:13,447 - INFO - Payment for Tassembedo  Mashhoud imported successfully.
2025-02-27 10:47:13,458 - INFO - Payment for Kiendrebeogo  Basseninwende Eliazer David imported successfully.
2025-02-27 10:47:13,467 - INFO - Payment for Nikiema  Bibata  imported successfully.
2025-02-27 10:47:13,479 - INFO - Payment for Zoungrana  Pendwende Abdoul Hakim imported successfully.
2025-02-27 10:47:13,491 - INFO - Payment for Compaore  Abdoul Sabour imported successfully.
2025-02-27 10:47:13,501 - INFO - Payment for Compaore  Soumaya  imported successfully.
2025-02-27 10:47:13,510 - INFO - Payment for Yougbare   Abdoul Razack imported successfully.
2025-02-27 10:47:13,519 - INFO - Payment for Traore Tetoi Salim imported successfully.
2025-02-27 10:47:13,528 - INFO - Payment for Compaore  Soumaya  imported successfully.
2025-02-27 10:47:13,538 - INFO - Payment for Sawadogo  Myra Faïsa Maïsharatou imported successfully.
2025-02-27 10:47:13,548 - INFO - Payment for Sakande  Abdoul Gafarou imported successfully.
2025-02-27 10:47:13,559 - INFO - Payment for Silga  Nouriatou imported successfully.
2025-02-27 10:47:13,569 - INFO - Payment for Gasbeogo Justin imported successfully.
2025-02-27 10:47:13,578 - INFO - Payment for Kagambega  Kiswendssida Jacques imported successfully.
2025-02-27 10:47:13,587 - INFO - Payment for Sawadogo  Myra Faïsa Maïsharatou imported successfully.
2025-02-27 10:47:13,597 - INFO - Payment for Zoungrana  Pendwende Abdoul Hakim imported successfully.
2025-02-27 10:47:13,607 - INFO - Payment for Kagambega  Kiswendssida Jacques imported successfully.
2025-02-27 10:47:13,617 - INFO - Payment for Rouamba  Aliatou imported successfully.
2025-02-27 10:47:13,627 - INFO - Payment for Zoungrana  Samadou imported successfully.
2025-02-27 10:47:13,637 - INFO - Payment for Ilboudo  Grace Baowende Bereniche imported successfully.
2025-02-27 10:47:13,646 - INFO - Payment for Rouamba  Aliatou imported successfully.
2025-02-27 10:47:13,656 - INFO - Payment for Nikiema Wendkouni Emeline imported successfully.
2025-02-27 10:47:13,665 - INFO - Payment for Baga  Pelagie Wend Puire imported successfully.
2025-02-27 10:47:13,677 - INFO - Payment for Tassembedo  Mashhoud imported successfully.
2025-02-27 10:47:13,686 - INFO - Payment for Bikienga  Abdallah imported successfully.
2025-02-27 10:47:13,695 - INFO - Payment for Yougbare   Abdoul Razack imported successfully.
2025-02-27 10:47:13,706 - INFO - Payment for Sawadogo  Joceline  Wenddabo imported successfully.
2025-02-27 10:47:13,715 - INFO - Payment for Compaore  Soumaya  imported successfully.
2025-02-27 10:47:13,724 - INFO - Payment for Kiemtore Peng-Benin wende Hilarie Tanya imported successfully.
2025-02-27 10:47:13,734 - INFO - Payment for Nikiema  Bibata  imported successfully.
2025-02-27 10:47:13,744 - INFO - Payment for Tapsoba Elise 1Er Jumeau imported successfully.
2025-02-27 10:47:13,755 - INFO - Payment for Balma  Amir imported successfully.
2025-02-27 10:47:13,765 - INFO - Payment for Balma  Amir imported successfully.
2025-02-27 10:47:13,775 - INFO - Payment for Rouamba  Aliatou imported successfully.
2025-02-27 10:47:13,784 - INFO - Payment for Zoungrana  Samadou imported successfully.
2025-02-27 10:47:13,794 - INFO - Payment for Sore  Mohamed Amine  imported successfully.
2025-02-27 10:47:13,803 - INFO - Payment for Ilboudo Charles Borromee imported successfully.
2025-02-27 10:47:13,811 - INFO - Payment for Baga  Pelagie Wend Puire imported successfully.
2025-02-27 10:47:13,822 - INFO - Payment for Konvolbo  Imelda Lamoussa Edith imported successfully.
2025-02-27 10:47:13,832 - INFO - Payment for Kiemtore Peng-Benin wende Hilarie Tanya imported successfully.
2025-02-27 10:47:13,841 - INFO - Payment for Zoungrana  Pendwende Abdoul Hakim imported successfully.
2025-02-27 10:47:13,851 - INFO - Payment for Bilgo Mahamadi Djamane Dinni imported successfully.
2025-02-27 10:47:13,861 - INFO - Payment for Sawadogo  Joceline  Wenddabo imported successfully.
2025-02-27 10:47:13,874 - INFO - Payment for Tapsoba Elie imported successfully.
2025-02-27 10:47:13,883 - INFO - Payment for Bilgo Mahamadi Djamane Dinni imported successfully.
2025-02-27 10:47:13,893 - INFO - Payment for Sakande  Abdoul Gafarou imported successfully.
2025-02-27 10:47:13,904 - INFO - Payment for Traore  Tefiè Mouslim imported successfully.
2025-02-27 10:47:13,915 - INFO - Payment for Sangna  Eric Ismaïla Achille  imported successfully.
2025-02-27 10:47:13,926 - INFO - Payment for Lengane Amdiatou imported successfully.
2025-02-27 10:47:13,936 - INFO - Payment for Sawadogo Kiswendsida Felicite Grace imported successfully.
2025-02-27 10:47:13,949 - INFO - Payment for Monean  Gael imported successfully.
2025-02-27 10:47:13,960 - INFO - Payment for Zoundi Stanislas imported successfully.
2025-02-27 10:47:13,969 - INFO - Payment for Ayo Chaidatou imported successfully.
2025-02-27 10:47:13,979 - INFO - Payment for Sawadogo  Nouriatou imported successfully.
2025-02-27 10:47:13,990 - INFO - Payment for Congo Abdine imported successfully.
2025-02-27 10:47:14,001 - INFO - Payment for Belem Sougrooma Azaph Kevin imported successfully.
2025-02-27 10:47:14,014 - INFO - Payment for Zoungrana  Ibrahim  imported successfully.
2025-02-27 10:47:14,024 - INFO - Payment for Dipama  Wendkouni Jeanne  imported successfully.
2025-02-27 10:47:14,033 - INFO - Payment for Sanfo Samhan  imported successfully.
2025-02-27 10:47:14,046 - INFO - Payment for Zoungrana Abdoul Razack imported successfully.
2025-02-27 10:47:14,057 - INFO - Payment for Monean  Gael imported successfully.
2025-02-27 10:47:14,067 - INFO - Payment for Kongo  Hassane imported successfully.
2025-02-27 10:47:14,078 - INFO - Payment for Hien  Youorkiè Laurianne imported successfully.
2025-02-27 10:47:14,088 - INFO - Payment for Zoungrana  Austin Pabegwende Prince  imported successfully.
2025-02-27 10:47:14,098 - INFO - Payment for Banga Oksana imported successfully.
2025-02-27 10:47:14,110 - INFO - Payment for Lengane  Oumeima imported successfully.
2025-02-27 10:47:14,120 - INFO - Payment for Bonkoungou  Wendkouni Salome imported successfully.
2025-02-27 10:47:14,131 - INFO - Payment for Dipama  Wendkouni Jeanne  imported successfully.
2025-02-27 10:47:14,141 - INFO - Payment for Ayo Chaidatou imported successfully.
2025-02-27 10:47:14,150 - INFO - Payment for Sanfo Samhan  imported successfully.
2025-02-27 10:47:14,159 - INFO - Payment for Kientega Viviane imported successfully.
2025-02-27 10:47:14,172 - INFO - Payment for Belem Sougrooma Azaph Kevin imported successfully.
2025-02-27 10:47:14,181 - INFO - Payment for Sawadogo  Nouriatou imported successfully.
2025-02-27 10:47:14,191 - INFO - Payment for Ouedraogo Aïdatou imported successfully.
2025-02-27 10:47:14,200 - INFO - Payment for Houarobou Ouessodibam Raphael imported successfully.
2025-02-27 10:47:14,210 - INFO - Payment for Ouedraogo Aïdatou imported successfully.
2025-02-27 10:47:14,220 - INFO - Payment for Zoungrana  Austin Pabegwende Prince  imported successfully.
2025-02-27 10:47:14,229 - INFO - Payment for Congo Abdine imported successfully.
2025-02-27 10:47:14,241 - INFO - Payment for Sanfo Samhan  imported successfully.
2025-02-27 10:47:14,251 - INFO - Payment for Ouédraogo Pendgwende Balguissa imported successfully.
2025-02-27 10:47:14,260 - INFO - Payment for Monean  Gael imported successfully.
2025-02-27 10:47:14,270 - INFO - Payment for Soulia  Aroune Mohamed Assad Yiyandin imported successfully.
2025-02-27 10:47:14,279 - INFO - Payment for Ouédraogo Pendgwende Balguissa imported successfully.
2025-02-27 10:47:14,288 - INFO - Payment for Bonkoungou  Wendkouni Salome imported successfully.
2025-02-27 10:47:14,297 - INFO - Payment for Ouédraogo Pendgwende Balguissa imported successfully.
2025-02-27 10:47:14,307 - INFO - Payment for Sagne  Adja Mamounata imported successfully.
2025-02-27 10:47:14,317 - INFO - Payment for Dipama  Wendkouni Jeanne  imported successfully.
2025-02-27 10:47:14,327 - INFO - Payment for Nacoulma  Wendinmi Fabiola  imported successfully.
2025-02-27 10:47:14,336 - INFO - Payment for Compaore  Wendinso Adriell imported successfully.
2025-02-27 10:47:14,346 - INFO - Payment for Sana  Cheick Ibrahim Saalou imported successfully.
2025-02-27 10:47:14,357 - INFO - Payment for Bonkoungou  Wendkouni Salome imported successfully.
2025-02-27 10:47:14,367 - INFO - Payment for Zoungrana  Ibrahim  imported successfully.
2025-02-27 10:47:14,381 - INFO - Payment for Houarobou Ouessodibam Raphael imported successfully.
2025-02-27 10:47:14,391 - INFO - Payment for Denne Amira Yassine imported successfully.
2025-02-27 10:47:14,400 - INFO - Payment for Banga Oksana imported successfully.
2025-02-27 10:47:14,409 - INFO - Payment for Bilgo Rabiatou imported successfully.
2025-02-27 10:47:14,419 - INFO - Payment for Lengane  Oumeima imported successfully.
2025-02-27 10:47:14,429 - INFO - Payment for Zongo Abdoul Mahmine imported successfully.
2025-02-27 10:47:14,440 - INFO - Payment for Atibie Wenyim Josiane Triomphe imported successfully.
2025-02-27 10:47:14,450 - INFO - Payment for Zoungrana Abdoul Maguid imported successfully.
2025-02-27 10:47:14,459 - INFO - Payment for Lengane  Oumeima imported successfully.
2025-02-27 10:47:14,469 - INFO - Payment for Conombo Mami Salamata imported successfully.
2025-02-27 10:47:14,479 - INFO - Payment for Sana  Cheick Ibrahim Saalou imported successfully.
2025-02-27 10:47:14,489 - INFO - Payment for Nana Wendkouni Romaine imported successfully.
2025-02-27 10:47:14,498 - INFO - Payment for Sawadogo  Nouriatou imported successfully.
2025-02-27 10:47:14,507 - INFO - Payment for Nikiema Jean Raphael imported successfully.
2025-02-27 10:47:14,517 - INFO - Payment for Sana Oumoul Salim imported successfully.
2025-02-27 10:47:14,527 - INFO - Payment for Kiema Wendmalgda Ingrid imported successfully.
2025-02-27 10:47:14,537 - INFO - Payment for Sawadogo Wendmangda Rolande imported successfully.
2025-02-27 10:47:14,546 - INFO - Payment for Houarobou Ouessodibam Raphael imported successfully.
2025-02-27 10:47:14,556 - INFO - Payment for Taita Wendyam Jorus Aubin imported successfully.
2025-02-27 10:47:14,566 - INFO - Payment for Bakouan Ydia Faical imported successfully.
2025-02-27 10:47:14,576 - INFO - Payment for Congo Abdine imported successfully.
2025-02-27 10:47:14,584 - INFO - Payment for Nassa  Kiswendsida Abdoul Maguid imported successfully.
2025-02-27 10:47:14,593 - INFO - Payment for Tiendrebeogo W. Azaël imported successfully.
2025-02-27 10:47:14,602 - INFO - Payment for Kiema Wendmalgda Ingrid imported successfully.
2025-02-27 10:47:14,611 - INFO - Payment for Rabo Ridwane imported successfully.
2025-02-27 10:47:14,620 - INFO - Payment for Nassa  Kiswendsida Abdoul Maguid imported successfully.
2025-02-27 10:47:14,629 - INFO - Payment for Nikiema Jean Michel imported successfully.
2025-02-27 10:47:14,640 - INFO - Payment for Hien  Youorkiè Laurianne imported successfully.
2025-02-27 10:47:14,649 - INFO - Payment for Kouda Yasmina imported successfully.
2025-02-27 10:47:14,660 - INFO - Payment for Zoungrana Abdoul Galilou imported successfully.
2025-02-27 10:47:14,673 - INFO - Payment for Denne Amira Yassine imported successfully.
2025-02-27 10:47:14,686 - INFO - Payment for Banga Oksana imported successfully.
2025-02-27 10:47:14,698 - INFO - Payment for Atibie Wenyim Josiane Triomphe imported successfully.
2025-02-27 10:47:14,708 - INFO - Payment for Ouedraogo Aïdatou imported successfully.
2025-02-27 10:47:14,717 - INFO - Payment for Nassa  Kiswendsida Abdoul Maguid imported successfully.
2025-02-27 10:47:14,727 - INFO - Payment for Hien  Youorkiè Laurianne imported successfully.
2025-02-27 10:47:14,736 - INFO - Payment for Sana  Cheick Ibrahim Saalou imported successfully.
2025-02-27 10:47:14,746 - INFO - Payment for Nacoulma  Wendinmi Fabiola  imported successfully.
2025-02-27 10:47:14,756 - INFO - Payment for Sawadogo Wendmangda Rolande imported successfully.
2025-02-27 10:47:14,767 - INFO - Payment for Nana Wendkouni Romaine imported successfully.
2025-02-27 10:47:14,783 - INFO - Payment for Kongo  Hassane imported successfully.
2025-02-27 10:47:14,792 - INFO - Payment for Compaore  Wendinso Adriell imported successfully.
2025-02-27 10:47:14,801 - INFO - Payment for Zongo Abdoul Mahmine imported successfully.
2025-02-27 10:47:14,811 - INFO - Payment for Bakouan Ydia Faical imported successfully.
2025-02-27 10:47:14,821 - INFO - Payment for Kongo  Hassane imported successfully.
2025-02-27 10:47:14,834 - INFO - Payment for Kongo  Hassane imported successfully.
2025-02-27 10:47:14,844 - INFO - Payment for Sagne  Adja Mamounata imported successfully.
2025-02-27 10:47:14,854 - INFO - Payment for Nacoulma  Cheick imported successfully.
2025-02-27 10:47:14,863 - INFO - Payment for Nacoulma  Cheick imported successfully.
2025-02-27 10:47:14,873 - INFO - Payment for Belem Sougrooma Azaph Kevin imported successfully.
2025-02-27 10:47:14,882 - INFO - Payment for Sana  Cheick Ibrahim Saalou imported successfully.
2025-02-27 10:47:14,892 - INFO - Payment for Nacoulma  Wendinmi Fabiola  imported successfully.
2025-02-27 10:47:14,902 - INFO - Payment for Bakouan Ydia Faical imported successfully.
2025-02-27 10:47:14,913 - INFO - Payment for Nikiema Abdoul Bassit  imported successfully.
2025-02-27 10:47:14,923 - INFO - Payment for Zoungrana  Austin Pabegwende Prince  imported successfully.
2025-02-27 10:47:14,933 - INFO - Payment for Sagne  Adja Mamounata imported successfully.
2025-02-27 10:47:14,943 - INFO - Payment for Sanfo Samhan  imported successfully.
2025-02-27 10:47:14,952 - INFO - Payment for Zongo Abdoul Mahmine imported successfully.
2025-02-27 10:47:14,962 - INFO - Payment for Sawadogo Wendmangda Rolande imported successfully.
2025-02-27 10:47:14,971 - INFO - Payment for Soulia  Aroune Mohamed Assad Yiyandin imported successfully.
2025-02-27 10:47:14,981 - INFO - Payment for Ayo Chaidatou imported successfully.
2025-02-27 10:47:14,990 - INFO - Payment for Nacoulma  Wendinmi Fabiola  imported successfully.
2025-02-27 10:47:15,000 - INFO - Payment for Kiema Wendmalgda Ingrid imported successfully.
2025-02-27 10:47:15,008 - INFO - Payment for Bilgo Yousra imported successfully.
2025-02-27 10:47:15,018 - INFO - Payment for Nacoulma  Cheick imported successfully.
2025-02-27 10:47:15,027 - INFO - Payment for Ouedraogo Abdoul Hafiz imported successfully.
2025-02-27 10:47:15,036 - INFO - Payment for Ilboudo  Nelsonne  imported successfully.
2025-02-27 10:47:15,045 - INFO - Payment for Ilboudo  Nelsonne  imported successfully.
2025-02-27 10:47:15,054 - INFO - Payment for Ouedraogo Ibrahim imported successfully.
2025-02-27 10:47:15,062 - INFO - Payment for Nion  Ouessono Kevin imported successfully.
2025-02-27 10:47:15,071 - INFO - Payment for Dipama Mohamadi imported successfully.
2025-02-27 10:47:15,080 - INFO - Payment for Ilboudo Assiatou imported successfully.
2025-02-27 10:47:15,088 - INFO - Payment for Ilboudo Assiatou imported successfully.
2025-02-27 10:47:15,098 - INFO - Payment for Kabre  Abdoul Razack imported successfully.
2025-02-27 10:47:15,109 - INFO - Payment for Ilboudo Raïssa imported successfully.
2025-02-27 10:47:15,118 - INFO - Payment for Ilboudo Raïssa imported successfully.
2025-02-27 10:47:15,129 - INFO - Payment for Sore Abdoul Razack imported successfully.
2025-02-27 10:47:15,141 - INFO - Payment for Kabre  Abdoul Razack imported successfully.
2025-02-27 10:47:15,150 - INFO - Payment for Bikienga Aïchatou imported successfully.
2025-02-27 10:47:15,161 - INFO - Payment for Nion  Ouessono Kevin imported successfully.
2025-02-27 10:47:15,169 - INFO - Payment for Koubatora  Wepooni Eleazar Josue imported successfully.
2025-02-27 10:47:15,182 - INFO - Payment for Zoumbare Arienne imported successfully.
2025-02-27 10:47:15,191 - INFO - Payment for Yougbare Emmanuel Ramadan imported successfully.
2025-02-27 10:47:15,199 - INFO - Payment for Passere  Mohamadi imported successfully.
2025-02-27 10:47:15,209 - INFO - Payment for Koubatora  Wepooni Eleazar Josue imported successfully.
2025-02-27 10:47:15,218 - INFO - Payment for Passere  Mohamadi imported successfully.
2025-02-27 10:47:15,227 - INFO - Payment for Passere  Mohamadi imported successfully.
2025-02-27 10:47:15,236 - INFO - Payment for Bazie Aymar Alphaniste imported successfully.
2025-02-27 10:47:15,245 - INFO - Payment for Savadogo  Glwadys Marie Wendtoin imported successfully.
2025-02-27 10:47:15,254 - INFO - Payment for Congo Nouriatou imported successfully.
2025-02-27 10:47:15,263 - INFO - Payment for Boulio Cheick Mohazou imported successfully.
2025-02-27 10:47:15,272 - INFO - Payment for Compaore Rasmata imported successfully.
2025-02-27 10:47:15,282 - INFO - Payment for Bazie Aymar Alphaniste imported successfully.
2025-02-27 10:47:15,291 - INFO - Payment for Zoungrana  Carlos Wendkouni Isidore imported successfully.
2025-02-27 10:47:15,301 - INFO - Payment for Ilboudo Aliyatou imported successfully.
2025-02-27 10:47:15,309 - INFO - Payment for Nacoulma Fahimatou imported successfully.
2025-02-27 10:47:15,319 - INFO - Payment for Sakande  Saalim imported successfully.
2025-02-27 10:47:15,330 - INFO - Payment for Dimbone Hamza imported successfully.
2025-02-27 10:47:15,340 - INFO - Payment for Tapsoba  Faizatou  imported successfully.
2025-02-27 10:47:15,348 - INFO - Payment for Bere  Neimatou imported successfully.
2025-02-27 10:47:15,357 - INFO - Payment for Sana  Mohamed Amin imported successfully.
2025-02-27 10:47:15,369 - INFO - Payment for Sakande  Saalim imported successfully.
2025-02-27 10:47:15,381 - INFO - Payment for Congo Abdoul Wahab imported successfully.
2025-02-27 10:47:15,391 - INFO - Payment for Nikiema  Wend-Kuni Ibrahim imported successfully.
2025-02-27 10:47:15,400 - INFO - Payment for Ilboudo Nafissatou imported successfully.
2025-02-27 10:47:15,410 - INFO - Payment for Passere Nafissatou imported successfully.
2025-02-27 10:47:15,419 - INFO - Payment for Compaore Abou Soufiane imported successfully.
2025-02-27 10:47:15,428 - INFO - Payment for Tiendrebeogo W. Epiphane imported successfully.
2025-02-27 10:47:15,438 - INFO - Payment for Zongo Yissono Audrey Oceanne imported successfully.
2025-02-27 10:47:15,447 - INFO - Payment for Ilboudo Nafissatou imported successfully.
2025-02-27 10:47:15,457 - INFO - Payment for Nikiema  Wendtoin Nohan Anicet imported successfully.
2025-02-27 10:47:15,467 - INFO - Payment for Nikiema Cheick Rayane  imported successfully.
2025-02-27 10:47:15,477 - INFO - Payment for Ouedraogo Nonguisida Abdoulaye imported successfully.
2025-02-27 10:47:15,487 - INFO - Payment for Sana  Mohamed Amin imported successfully.
2025-02-27 10:47:15,496 - INFO - Payment for Ilboudo Evariste Wendlassida imported successfully.
2025-02-27 10:47:15,505 - INFO - Payment for Gounabou Gouyire Olivier imported successfully.
2025-02-27 10:47:15,515 - INFO - Payment for Sakande  Saalim imported successfully.
2025-02-27 10:47:15,524 - INFO - Payment for Congo Abdoul Gani imported successfully.
2025-02-27 10:47:15,533 - INFO - Payment for Sana  Mohamed Amin imported successfully.
2025-02-27 10:47:15,543 - INFO - Payment for Nikiema  Wend-Kuni Ibrahim imported successfully.
2025-02-27 10:47:15,552 - INFO - Payment for Nikiema  Wendtoin Nohan Anicet imported successfully.
2025-02-27 10:47:15,561 - INFO - Payment for Kinda Abdoul Mouhaz imported successfully.
2025-02-27 10:47:15,570 - INFO - Payment for Tiendrebeogo Rakiswende Dimitri imported successfully.
2025-02-27 10:47:15,582 - INFO - Payment for Zoungrana W. Adja Rasma imported successfully.
2025-02-27 10:47:15,594 - INFO - Payment for Gambapebou Anoutoua Marie Imelda imported successfully.
2025-02-27 10:47:15,604 - INFO - Payment for Sakande  Saalim imported successfully.
2025-02-27 10:47:15,613 - INFO - Payment for Savadogo  Glwadys Marie Wendtoin imported successfully.
2025-02-27 10:47:15,623 - INFO - Payment for Conombo Abraham imported successfully.
2025-02-27 10:47:15,633 - INFO - Payment for Nana Nouriatou imported successfully.
2025-02-27 10:47:15,643 - INFO - Payment for Ilboudo Evariste Wendlassida imported successfully.
2025-02-27 10:47:15,653 - INFO - Payment for Ouedraogo Nonguisida Abdoulaye imported successfully.
2025-02-27 10:47:15,662 - INFO - Payment for Zongo Yissono Audrey Oceanne imported successfully.
2025-02-27 10:47:15,673 - INFO - Payment for Dondasse Sougrinooma Patricia imported successfully.
2025-02-27 10:47:15,683 - INFO - Payment for Gambapebou Romaric imported successfully.
2025-02-27 10:47:15,692 - INFO - Payment for Nikiema  Wendtoin Nohan Anicet imported successfully.
2025-02-27 10:47:15,701 - INFO - Payment for Ilboudo D. Evan imported successfully.
2025-02-27 10:47:15,711 - INFO - Payment for Yoda Richard imported successfully.
2025-02-27 10:47:15,720 - INFO - Payment for Kabore  Rayane  imported successfully.
2025-02-27 10:47:15,730 - INFO - Payment for Alcosse  Akiwele Fabrice dit Belgo imported successfully.
2025-02-27 10:47:15,740 - INFO - Payment for Compaore  benewende Mathis Arthur imported successfully.
2025-02-27 10:47:15,749 - INFO - Payment for Balma  Wendenda Benania imported successfully.
2025-02-27 10:47:15,760 - INFO - Payment for Compaore  benewende Mathis Arthur imported successfully.
2025-02-27 10:47:15,770 - INFO - Payment for Boungoutongo Sylvie Wenian imported successfully.
2025-02-27 10:47:15,783 - INFO - Payment for Kazoni Ouibissma Cherifa Andrea imported successfully.
2025-02-27 10:47:15,793 - INFO - Payment for Compaore  Abdoul Shakour imported successfully.
2025-02-27 10:47:15,803 - INFO - Payment for Tompeglem Cephas imported successfully.
2025-02-27 10:47:15,812 - INFO - Payment for Zongo Awa imported successfully.
2025-02-27 10:47:15,822 - INFO - Payment for Nana Joris imported successfully.
2025-02-27 10:47:15,831 - INFO - Payment for Onadja Moudjahed Djasibo imported successfully.
2025-02-27 10:47:15,841 - INFO - Payment for Compaore Djaouratou imported successfully.
2025-02-27 10:47:15,851 - INFO - Payment for Yonli Rasack imported successfully.
2025-02-27 10:47:15,860 - INFO - Payment for Tapsoba Bibata imported successfully.
2025-02-27 10:47:15,869 - INFO - Payment for Alcosse  Akiwele Fabrice dit Belgo imported successfully.
2025-02-27 10:47:15,881 - INFO - Payment for Tompeglem Cephas imported successfully.
2025-02-27 10:47:15,891 - INFO - Payment for Tompeglem Cephas imported successfully.
2025-02-27 10:47:15,901 - INFO - Payment for Boungoutongo Sylvie Wenian imported successfully.
2025-02-27 10:47:15,910 - INFO - Payment for Nana S. Junior imported successfully.
2025-02-27 10:47:15,920 - INFO - Payment for Compaore Delwende Landry Yanive imported successfully.
2025-02-27 10:47:15,929 - INFO - Payment for Nikiema Levis imported successfully.
2025-02-27 10:47:15,939 - INFO - Payment for Compaore  Abdoul Shakour imported successfully.
2025-02-27 10:47:15,948 - INFO - Payment for Zoungrana R. Isidore imported successfully.
2025-02-27 10:47:15,958 - INFO - Payment for Kazoni Ouibissma Cherifa Andrea imported successfully.
2025-02-27 10:47:15,969 - INFO - Payment for Balma  Wendenda Benania imported successfully.
2025-02-27 10:47:15,978 - INFO - Payment for Kazoni Johvani Elisee imported successfully.
2025-02-27 10:47:15,989 - INFO - Payment for Yalwe Mohamed Bachir imported successfully.
2025-02-27 10:47:15,998 - INFO - Payment for Ilboudo  Wanissira Fatimata  imported successfully.
2025-02-27 10:47:16,008 - INFO - Payment for Ilboudo  Wanissira Fatimata  imported successfully.
2025-02-27 10:47:16,018 - INFO - Payment for Tapsoba Elie imported successfully.
2025-02-27 10:47:16,027 - INFO - Payment for Sawadogo  Wendinsongdé Bienvenue imported successfully.
2025-02-27 10:47:16,037 - INFO - Payment for Malgoubri  Issaka  imported successfully.
2025-02-27 10:47:16,046 - INFO - Payment for Zoungrana Adama imported successfully.
2025-02-27 10:47:16,056 - INFO - Payment for Sawadogo  Wendinsongdé Bienvenue imported successfully.
2025-02-27 10:47:16,065 - INFO - Payment for Congo Nouriatou imported successfully.
2025-02-27 10:47:16,075 - INFO - Payment for Tapsoba Elise 1Er Jumeau imported successfully.
2025-02-27 10:47:16,084 - INFO - Payment for Ilboudo Absetou imported successfully.
2025-02-27 10:47:16,093 - INFO - Payment for Malgoubri  Issaka  imported successfully.
2025-02-27 10:47:16,103 - INFO - Payment for Nikiema  Pawendtaore Ulrich Junior imported successfully.
2025-02-27 10:47:16,112 - INFO - Payment for Nikiema  Pawendtaore Ulrich Junior imported successfully.
2025-02-27 10:47:16,122 - INFO - Payment for Babine  Abdoull Latif imported successfully.
2025-02-27 10:47:16,131 - INFO - Payment for Lengane Wassilatou imported successfully.
2025-02-27 10:47:16,141 - INFO - Payment for Sore  Amir Mouhminine imported successfully.
2025-02-27 10:47:16,151 - INFO - Payment for Sawadogo  Nina wendinsso imported successfully.
2025-02-27 10:47:16,161 - INFO - Payment for Ouedraogo  Camille Rayimwende imported successfully.
2025-02-27 10:47:16,170 - INFO - Payment for Ouedraogo Charine Sougr Nooma Fedelia imported successfully.
2025-02-27 10:47:16,182 - INFO - Payment for Zabre  Stephane Wendkuni imported successfully.
2025-02-27 10:47:16,195 - INFO - Payment for Kogo Claude Nathanael imported successfully.
2025-02-27 10:47:16,206 - INFO - Payment for Kogo Claude Nathanael imported successfully.
2025-02-27 10:47:16,216 - INFO - Payment for Denne  Abdoul Fatah imported successfully.
2025-02-27 10:47:16,226 - INFO - Payment for Denne Amira Yassine imported successfully.
2025-02-27 10:47:16,235 - INFO - Payment for Bikienga Mohamed Taofik imported successfully.
2025-02-27 10:47:16,245 - INFO - Payment for Bikienga Mohamed Taofik imported successfully.
2025-02-27 10:47:16,255 - INFO - Payment for Sore  Amir Mouhminine imported successfully.
2025-02-27 10:47:16,264 - INFO - Payment for Lengane Wassilatou imported successfully.
2025-02-27 10:47:16,275 - INFO - Payment for Bikienga Mohamed Taofik imported successfully.
2025-02-27 10:47:16,284 - INFO - Payment for Kogo Claude Nathanael imported successfully.
2025-02-27 10:47:16,294 - INFO - Payment for Sawadogo  Salam  imported successfully.
2025-02-27 10:47:16,305 - INFO - Payment for Denne  Abdoul Fatah imported successfully.
2025-02-27 10:47:16,315 - INFO - Payment for Denne Amira Yassine imported successfully.
2025-02-27 10:47:16,326 - INFO - Payment for Kogo Claude Nathanael imported successfully.
2025-02-27 10:47:16,336 - INFO - Payment for Zabre  Stephane Wendkuni imported successfully.
2025-02-27 10:47:16,347 - INFO - Payment for Lengane Wassilatou imported successfully.
2025-02-27 10:47:16,356 - INFO - Payment for Denne  Abdoul Fatah imported successfully.
2025-02-27 10:47:16,365 - INFO - Payment for Onadja  Badandi Abdoul Dramane  imported successfully.
2025-02-27 10:47:16,375 - INFO - Payment for Nikiema Jean Raphael imported successfully.
2025-02-27 10:47:16,384 - INFO - Payment for Gomgnimbou Wemmatou Saouratou imported successfully.
2025-02-27 10:47:16,394 - INFO - Payment for Nikiema Jean Michel imported successfully.
2025-02-27 10:47:16,404 - INFO - Payment for Kabore Wendpanga Alphee imported successfully.
2025-02-27 10:47:16,413 - INFO - Payment for Baga Marthe Grace imported successfully.
2025-02-27 10:47:16,425 - INFO - Payment for Zampalegre Cheik Tidiane imported successfully.
2025-02-27 10:47:16,435 - INFO - Payment for Zampalegre Cheik Tidiane imported successfully.
2025-02-27 10:47:16,444 - INFO - Payment for Kafando Aminata imported successfully.
2025-02-27 10:47:16,454 - INFO - Payment for Kafando Aminata imported successfully.
2025-02-27 10:47:16,464 - INFO - Payment for Gouem Amssetou imported successfully.
2025-02-27 10:47:16,474 - INFO - Payment for Nana  Naomie Bienvenue imported successfully.
2025-02-27 10:47:16,483 - INFO - Payment for Nana  Naomie Bienvenue imported successfully.
2025-02-27 10:47:16,492 - INFO - Payment for Oussale  Ouehipe Isosidore Ghislain imported successfully.
2025-02-27 10:47:16,502 - INFO - Payment for Nikiema  Bnewendé Christ Armel imported successfully.
2025-02-27 10:47:16,510 - INFO - Payment for Tapsoba  Faizatou  imported successfully.
2025-02-27 10:47:16,519 - INFO - Payment for Kabore  Rayane  imported successfully.
2025-02-27 10:47:16,528 - INFO - Payment for Gouem Kassoum imported successfully.
2025-02-27 10:47:16,538 - INFO - Payment for Sana  Mouniratou imported successfully.
2025-02-27 10:47:16,548 - INFO - Payment for Kabore  Rayane  imported successfully.
2025-02-27 10:47:16,558 - INFO - Payment for Oussale  Ouehipe Isosidore Ghislain imported successfully.
2025-02-27 10:47:16,575 - INFO - Payment for Sana  Mouniratou imported successfully.
2025-02-27 10:47:16,584 - INFO - Payment for Lirasse  Anekogo Jerome  imported successfully.
2025-02-27 10:47:16,595 - INFO - Payment for Kontogom Grace Divine  imported successfully.
2025-02-27 10:47:16,608 - INFO - Payment for Zongo Elie Yipene imported successfully.
2025-02-27 10:47:16,620 - INFO - Payment for Zongo Elie Yipene imported successfully.
2025-02-27 10:47:16,636 - INFO - Payment for Kontogom Grace Divine  imported successfully.
2025-02-27 10:47:16,648 - INFO - Payment for Guigma  Wenddenda Aaliatou imported successfully.
2025-02-27 10:47:16,658 - INFO - Payment for Bouda Jean Gregoire Marie imported successfully.
2025-02-27 10:47:16,668 - INFO - Payment for Onadja Abdou imported successfully.
2025-02-27 10:47:16,677 - INFO - Payment for Guigma Abdoul Kader imported successfully.
2025-02-27 10:47:16,688 - INFO - Payment for Rouamba Wend Kouni Emelienne Leiticia imported successfully.
2025-02-27 10:47:16,697 - INFO - Payment for Niaone Assane imported successfully.
2025-02-27 10:47:16,710 - INFO - Payment for Nikiema  Arsene  imported successfully.
2025-02-27 10:47:16,719 - INFO - Payment for Conombo Wassilatou imported successfully.
2025-02-27 10:47:16,729 - INFO - Payment for Ouedraogo Ibrahim imported successfully.
2025-02-27 10:47:16,744 - INFO - Payment for Nikiema  Arsene  imported successfully.
2025-02-27 10:47:16,755 - INFO - Payment for Kiemde  Wendpanga Eric imported successfully.
2025-02-27 10:47:16,766 - INFO - Payment for Semde  Wendbenedo Abdoul Manane imported successfully.
2025-02-27 10:47:16,778 - INFO - Payment for Zoungrana Abdoul Waris imported successfully.
2025-02-27 10:47:16,788 - INFO - Payment for Kazienga  Maïcharatou imported successfully.
2025-02-27 10:47:16,797 - INFO - Payment for Sawadogo  Maissaratou imported successfully.
2025-02-27 10:47:16,807 - INFO - Payment for Sawadogo Asmao imported successfully.
2025-02-27 10:47:16,817 - INFO - Payment for Sawadogo  Maissaratou imported successfully.
2025-02-27 10:47:16,826 - INFO - Payment for Ouedraogo  Rachidatou imported successfully.
2025-02-27 10:47:16,840 - INFO - Payment for Simpore Davy Casimir imported successfully.
2025-02-27 10:47:16,856 - INFO - Payment for Sawadogo Abdoul Nassirou imported successfully.
2025-02-27 10:47:16,871 - INFO - Payment for Guira Ridwane imported successfully.
2025-02-27 10:47:16,886 - INFO - Payment for Ouedraogo Ibrahim imported successfully.
2025-02-27 10:47:16,902 - INFO - Payment for Kiemde  Wendpanga Eric imported successfully.
2025-02-27 10:47:16,914 - INFO - Payment for Bonkoungou Renaud imported successfully.
2025-02-27 10:47:16,930 - INFO - Payment for Sawadogo Absatou imported successfully.
2025-02-27 10:47:16,944 - INFO - Payment for Kabore  Hadidja imported successfully.
2025-02-27 10:47:16,958 - INFO - Payment for Bouda Deborah Emmanuelle imported successfully.
2025-02-27 10:47:16,975 - INFO - Payment for Sawadogo  Maissaratou imported successfully.
2025-02-27 10:47:16,991 - INFO - Payment for Niaone Assana imported successfully.
2025-02-27 10:47:17,009 - INFO - Payment for Kotani  Assagribouga Damien Ulrich imported successfully.
2025-02-27 10:47:17,024 - INFO - Payment for Sawadogo Zayd Houssene imported successfully.
2025-02-27 10:47:17,046 - INFO - Payment for Dimbone Hamza imported successfully.
2025-02-27 10:47:17,068 - INFO - Payment for Ilboudo Auriane imported successfully.
2025-02-27 10:47:17,077 - INFO - Payment for Sorgho Paligwende Djemilatou imported successfully.
2025-02-27 10:47:17,087 - INFO - Payment for Ilboudo  kIswendssida Christ imported successfully.
2025-02-27 10:47:17,097 - INFO - Payment for Kazienga Khalid imported successfully.
2025-02-27 10:47:17,110 - INFO - Payment for Sawadogo  Houzaifa imported successfully.
2025-02-27 10:47:17,120 - INFO - Payment for Ayo Chaidatou imported successfully.
2025-02-27 10:47:17,130 - INFO - Payment for Ilboudo Auriane imported successfully.
2025-02-27 10:47:17,141 - INFO - Payment for Guira Abdoul Maguid imported successfully.
2025-02-27 10:47:17,150 - INFO - Payment for Kabore Saoudatou imported successfully.
2025-02-27 10:47:17,159 - INFO - Payment for Ouedraogo  Rachidatou imported successfully.
2025-02-27 10:47:17,171 - INFO - Payment for Ouedraogo Alida Doriane imported successfully.
2025-02-27 10:47:17,184 - INFO - Payment for Sawadogo Souleymane imported successfully.
2025-02-27 10:47:17,194 - INFO - Payment for Nikiema Cheick Rayane  imported successfully.
2025-02-27 10:47:17,209 - INFO - Payment for Sawadogo  Houzaifa imported successfully.
2025-02-27 10:47:17,230 - INFO - Payment for Natama Josiane imported successfully.
2025-02-27 10:47:17,243 - INFO - Payment for Natama Josiane imported successfully.
2025-02-27 10:47:17,259 - INFO - Payment for Nikiema Elodie Betinia imported successfully.
2025-02-27 10:47:17,274 - INFO - Payment for Conombo Mami Salamata imported successfully.
2025-02-27 10:47:17,285 - INFO - Payment for Sorgho W Jean Armel imported successfully.
2025-02-27 10:47:17,297 - INFO - Payment for Sawadogo  Houzaifa imported successfully.
2025-02-27 10:47:17,308 - INFO - Payment for Goumbane Ismael imported successfully.
2025-02-27 10:47:17,320 - INFO - Payment for Lalsaga Patindé Ridwane imported successfully.
2025-02-27 10:47:17,332 - INFO - Payment for Sawadogo Abdoul Maguid imported successfully.
2025-02-27 10:47:17,343 - INFO - Payment for Sawadogo Asmao imported successfully.
2025-02-27 10:47:17,353 - INFO - Payment for Malgoubri  Issaka  imported successfully.
2025-02-27 10:47:17,365 - INFO - Payment for Gambapebou Anoutoua Marie Imelda imported successfully.
2025-02-27 10:47:17,376 - INFO - Payment for Kazienga  Maïcharatou imported successfully.
2025-02-27 10:47:17,386 - INFO - Payment for Dondasse Sougrinooma Patricia imported successfully.
2025-02-27 10:47:17,396 - INFO - Payment for Sawadogo Zayd Houssene imported successfully.
2025-02-27 10:47:17,405 - INFO - Payment for Bonkoungou Severin imported successfully.
2025-02-27 10:47:17,416 - INFO - Payment for Savadogo  Glwadys Marie Wendtoin imported successfully.
2025-02-27 10:47:17,427 - INFO - Payment for Sawadogo  Joceline  Wenddabo imported successfully.
2025-02-27 10:47:17,436 - INFO - Payment for Kabore  Oumounaïchata imported successfully.
2025-02-27 10:47:17,446 - INFO - Payment for Ilboudo Kiswend-sida Marie Armel imported successfully.
2025-02-27 10:47:17,456 - INFO - Payment for Ilboudo Kiswend-sida Marie Armel imported successfully.
2025-02-27 10:47:17,465 - INFO - Payment for Kabore  Oumounaïchata imported successfully.
2025-02-27 10:47:17,474 - INFO - Payment for Togom Naïmatou imported successfully.
2025-02-27 10:47:17,486 - INFO - Payment for Kere Ounsoun-Cri Jean Mervin imported successfully.
2025-02-27 10:47:17,498 - INFO - Payment for Nacoulma Roukiatou imported successfully.
2025-02-27 10:47:17,512 - INFO - Payment for Kere Ounsoun-Cri Jean Mervin imported successfully.
2025-02-27 10:47:17,524 - INFO - Payment for Sorgho W Jean Armel imported successfully.
2025-02-27 10:47:17,535 - INFO - Payment for Pelegsonre  Mohamadi  imported successfully.
2025-02-27 10:47:17,544 - INFO - Payment for Congo Abdoul Gani imported successfully.
2025-02-27 10:47:17,552 - INFO - Payment for Kouanda   Saidatou imported successfully.
2025-02-27 10:47:17,561 - INFO - Payment for Congo Abdine imported successfully.
2025-02-27 10:47:17,572 - INFO - Payment for Nikiema  Bnewendé Christ Armel imported successfully.
2025-02-27 10:47:17,585 - INFO - Payment for Congo Nouriatou imported successfully.
2025-02-27 10:47:17,596 - INFO - Payment for Kouanda   Saidatou imported successfully.
2025-02-27 10:47:17,610 - INFO - Payment for Kouanda   Saidatou imported successfully.
2025-02-27 10:47:17,623 - INFO - Payment for Sorgho Paligwende Djemilatou imported successfully.
2025-02-27 10:47:17,636 - INFO - Payment for Kouanda Mohamed Bechir imported successfully.
2025-02-27 10:47:17,645 - INFO - Payment for Kabore Alizeta Wend-Benedo Amiratou imported successfully.
2025-02-27 10:47:17,659 - INFO - Payment for Ilboudo Laeticia imported successfully.
2025-02-27 10:47:17,671 - INFO - Payment for Sam  Sofiane imported successfully.
2025-02-27 10:47:17,686 - INFO - Payment for Kere Ounsoun-Cri Jean Mervin imported successfully.
2025-02-27 10:47:17,699 - INFO - Payment for Sam  Sofiane imported successfully.
2025-02-27 10:47:17,709 - INFO - Payment for Sokondou Daouda imported successfully.
2025-02-27 10:47:17,720 - INFO - Payment for Ouedraogo  Nassirou imported successfully.
2025-02-27 10:47:17,731 - INFO - Payment for Gouem Boukare Morgan imported successfully.
2025-02-27 10:47:17,744 - INFO - Payment for Tiendrebeogo Abdoul Ganilou imported successfully.
2025-02-27 10:47:17,757 - INFO - Payment for Rouamba Nadine imported successfully.
2025-02-27 10:47:17,769 - INFO - Payment for Sawadogo Oumoul Salim imported successfully.
2025-02-27 10:47:17,786 - INFO - Payment for Kiema T. Olga imported successfully.
2025-02-27 10:47:17,799 - INFO - Payment for Nikiema Laureine imported successfully.
2025-02-27 10:47:17,811 - INFO - Payment for Koanda Zoulhatou imported successfully.
2025-02-27 10:47:17,824 - INFO - Payment for Ouedraogo Wendyame Beatrice imported successfully.
2025-02-27 10:47:17,837 - INFO - Payment for Kologo Anne Marie imported successfully.
2025-02-27 10:47:17,851 - INFO - Payment for Nacoulma Rafiatou imported successfully.
2025-02-27 10:47:17,864 - INFO - Payment for Compaore Aisseta imported successfully.
2025-02-27 10:47:17,875 - INFO - Payment for Sare Wafa imported successfully.
2025-02-27 10:47:17,886 - INFO - Payment for Kabore Divine imported successfully.
2025-02-27 10:47:17,894 - INFO - Payment for Ouedraogo Deborah Tinwende imported successfully.
2025-02-27 10:47:17,904 - INFO - Payment for Lengani Issouf imported successfully.
2025-02-27 10:47:17,914 - INFO - Payment for Zigani Chonleo Nicole imported successfully.
2025-02-27 10:47:17,928 - INFO - Payment for Rouamba Nadine imported successfully.
2025-02-27 10:47:17,938 - INFO - Payment for Semde  Wendbenedo Abdoul Manane imported successfully.
2025-02-27 10:47:17,947 - INFO - Payment for Semde  Wendbenedo Abdoul Manane imported successfully.
2025-02-27 10:47:17,956 - INFO - Payment for Bere  Neimatou imported successfully.
2025-02-27 10:47:17,965 - INFO - Payment for Rouamba Wend Kouni Emelienne Leiticia imported successfully.
2025-02-27 10:47:17,974 - INFO - Payment for Nikiema Steeve Donal imported successfully.
2025-02-27 10:47:17,985 - INFO - Payment for Zongo Yissono Audrey Oceanne imported successfully.
2025-02-27 10:47:17,997 - INFO - Payment for Guigma  Moustapha imported successfully.
2025-02-27 10:47:18,007 - INFO - Payment for Sore Abdoul Razack imported successfully.
2025-02-27 10:47:18,016 - INFO - Payment for Some Nebnow Salvador Casimir imported successfully.
2025-02-27 10:47:18,025 - INFO - Payment for Compaore Abou Soufiane imported successfully.
2025-02-27 10:47:18,034 - INFO - Payment for Compaore Alimata Sadia imported successfully.
2025-02-27 10:47:18,044 - INFO - Payment for Kabre Jean Bertrand Wendkouni imported successfully.
2025-02-27 10:47:18,054 - INFO - Payment for Sawadogo Wendmangda Rolande imported successfully.
2025-02-27 10:47:18,064 - INFO - Payment for Nacoulma Roukiatou imported successfully.
2025-02-27 10:47:18,074 - INFO - Payment for Niaone Assana imported successfully.
2025-02-27 10:47:18,087 - INFO - Payment for Ilboudo  Elvira  imported successfully.
2025-02-27 10:47:18,098 - INFO - Payment for Compaore B. Salifou imported successfully.
2025-02-27 10:47:18,109 - INFO - Payment for Nacoulma Wendpayande Aliatou imported successfully.
2025-02-27 10:47:18,120 - INFO - Payment for Niaone Assane imported successfully.
2025-02-27 10:47:18,131 - INFO - Payment for Sam  Sofiane imported successfully.
2025-02-27 10:47:18,141 - INFO - Payment for Rabo Nouriatou imported successfully.
2025-02-27 10:47:18,153 - INFO - Payment for Soulia  Aroune Mohamed Assad Yiyandin imported successfully.
2025-02-27 10:47:18,166 - INFO - Payment for Kuela Romeo imported successfully.
2025-02-27 10:47:18,175 - INFO - Payment for Kabore Mouhaz Amin imported successfully.
2025-02-27 10:47:18,188 - INFO - Payment for Congo Oumaimatou imported successfully.
2025-02-27 10:47:18,201 - INFO - Payment for Yalwe Mohamed Bachir imported successfully.
2025-02-27 10:47:18,212 - INFO - Payment for Zabpaodre  Isidore imported successfully.
2025-02-27 10:47:18,222 - INFO - Payment for Guigma Adboul Alim imported successfully.
2025-02-27 10:47:18,233 - INFO - Payment for Guigma  Abdoul Halim 2eme jumeau imported successfully.
2025-02-27 10:47:18,244 - INFO - Payment for Guigma  Wenddenda Aaliatou imported successfully.
2025-02-27 10:47:18,254 - INFO - Payment for Tiemtore W. Josias imported successfully.
2025-02-27 10:47:18,265 - INFO - Payment for Tiemtore  Wend-vie Betsaleel imported successfully.
2025-02-27 10:47:18,275 - INFO - Payment for Koanda Zoulhatou imported successfully.
2025-02-27 10:47:18,286 - INFO - Payment for Nassa  Kiswendsida Abdoul Maguid imported successfully.
2025-02-27 10:47:18,296 - INFO - Payment for Kouanda Mohamed Bechir imported successfully.
2025-02-27 10:47:18,306 - INFO - Payment for Monean  Gael imported successfully.
2025-02-27 10:47:18,315 - INFO - Payment for Koanda Abdoul Maguid imported successfully.
2025-02-27 10:47:18,325 - INFO - Payment for Sawadogo  Nouriatou imported successfully.
2025-02-27 10:47:18,334 - INFO - Payment for Tiemtore  Wend-vie Betsaleel imported successfully.
2025-02-27 10:47:18,344 - INFO - Payment for Togom Abdoul Bassite imported successfully.
2025-02-27 10:47:18,354 - INFO - Payment for Compaore Ah Ichata imported successfully.
2025-02-27 10:47:18,364 - INFO - Payment for Ouedraogo Wendyame Beatrice imported successfully.
2025-02-27 10:47:18,373 - INFO - Payment for Dipama  Wendkouni Jeanne  imported successfully.
2025-02-27 10:47:18,382 - INFO - Payment for Ouedraogo  Felicia Sindinmanegda  imported successfully.
2025-02-27 10:47:18,391 - INFO - Payment for Nana Nouriatou imported successfully.
2025-02-27 10:47:18,400 - INFO - Payment for Savadogo  Glwadys Marie Wendtoin imported successfully.
2025-02-27 10:47:18,409 - INFO - Payment for Diapa  Dimitri  imported successfully.
2025-02-27 10:47:18,420 - INFO - Payment for Sawadogo  Joceline  Wenddabo imported successfully.
2025-02-27 10:47:18,431 - INFO - Payment for Tapsoba  Faizatou  imported successfully.
2025-02-27 10:47:18,442 - INFO - Payment for Zabre  Stephane Wendkuni imported successfully.
2025-02-27 10:47:18,453 - INFO - Payment for Tigasse Augustine Flore imported successfully.
2025-02-27 10:47:18,462 - INFO - Payment for Tigasse  Assaloue Boris imported successfully.
2025-02-27 10:47:18,473 - INFO - Payment for Sawadogo  Nina wendinsso imported successfully.
2025-02-27 10:47:18,487 - INFO - Payment for Bere  Neimatou imported successfully.
2025-02-27 10:47:18,501 - INFO - Payment for Sana  Mouniratou imported successfully.
2025-02-27 10:47:18,515 - INFO - Payment for Sana  Mouniratou imported successfully.
2025-02-27 10:47:18,528 - INFO - Payment for Ilboudo Arthur imported successfully.
2025-02-27 10:47:18,539 - INFO - Payment for Hien  Youorkiè Laurianne imported successfully.
2025-02-27 10:47:18,549 - INFO - Payment for Kombassere  Mohazou imported successfully.
2025-02-27 10:47:18,560 - INFO - Payment for Bikienga Mohamed Taofik imported successfully.
2025-02-27 10:47:18,570 - INFO - Payment for Baga Marthe Grace imported successfully.
2025-02-27 10:47:18,581 - INFO - Payment for Zoungrana  Austin Pabegwende Prince  imported successfully.
2025-02-27 10:47:18,590 - INFO - Payment for Sawadogo  Salam  imported successfully.
2025-02-27 10:47:18,598 - INFO - Payment for Lengane Amdiatou imported successfully.
2025-02-27 10:47:18,608 - INFO - Payment for Ilboudo  Grace Baowende Bereniche imported successfully.
2025-02-27 10:47:18,617 - INFO - Payment for Ouedraogo  Camille Rayimwende imported successfully.
2025-02-27 10:47:18,627 - INFO - Payment for Tiendrebeogo Wendso Christ-vie imported successfully.
2025-02-27 10:47:18,639 - INFO - Payment for Ouedraogo  Camille Rayimwende imported successfully.
2025-02-27 10:47:18,649 - INFO - Payment for Compaore  Abdoul Shakour imported successfully.
2025-02-27 10:47:18,659 - INFO - Payment for Lengane  Oumeima imported successfully.
2025-02-27 10:47:18,668 - INFO - Payment for Sawadogo  Salam  imported successfully.
2025-02-27 10:47:18,678 - INFO - Payment for Ouedraogo Charine Sougr Nooma Fedelia imported successfully.
2025-02-27 10:47:18,686 - INFO - Payment for Oussale  Ouehipe Isosidore Ghislain imported successfully.
2025-02-27 10:47:18,695 - INFO - Payment for Baga  Pelagie Wend Puire imported successfully.
2025-02-27 10:47:18,705 - INFO - Payment for Nion  Ouessono Kevin imported successfully.
2025-02-27 10:47:18,714 - INFO - Payment for Bikienga Aïchatou imported successfully.
2025-02-27 10:47:18,725 - INFO - Payment for Compaore  Wendinso Adriell imported successfully.
2025-02-27 10:47:18,735 - INFO - Payment for Kontogom Grace Divine  imported successfully.
2025-02-27 10:47:18,745 - INFO - Payment for Sakande  Abdoul Gafarou imported successfully.
2025-02-27 10:47:18,755 - INFO - Payment for Billa Taslimatou Fatimata imported successfully.
2025-02-27 10:47:18,765 - INFO - Payment for Simpore Layilatou imported successfully.
2025-02-27 10:47:18,775 - INFO - Payment for Banga Oksana imported successfully.
2025-02-27 10:47:18,787 - INFO - Payment for Kiemtore Peng-Benin wende Hilarie Tanya imported successfully.
2025-02-27 10:47:18,795 - INFO - Payment for Nikiema  Bibata  imported successfully.
2025-02-27 10:47:18,804 - INFO - Payment for Kiema Wendmalgda Ingrid imported successfully.
2025-02-27 10:47:18,813 - INFO - Payment for Sagne  Adja Mamounata imported successfully.
2025-02-27 10:47:18,826 - INFO - Payment for Simpore  Cheick Ibrahim imported successfully.
2025-02-27 10:47:18,840 - INFO - Payment for Conombo Mami Salamata imported successfully.
2025-02-27 10:47:18,853 - INFO - Payment for Kabre  Abdoul Razack imported successfully.
2025-02-27 10:47:18,866 - INFO - Payment for Kiema  Wend-So Charles le-Bon imported successfully.
2025-02-27 10:47:18,877 - INFO - Payment for Zoungrana Abdoul Galilou imported successfully.
2025-02-27 10:47:18,889 - INFO - Payment for Kiema T. Olga imported successfully.
2025-02-27 10:47:18,900 - INFO - Payment for Ilboudo Evariste Wendlassida imported successfully.
2025-02-27 10:47:18,914 - INFO - Payment for Compaore Delwende Landry Yanive imported successfully.
2025-02-27 10:47:18,927 - INFO - Payment for Ilboudo Kiswend-sida Marie Armel imported successfully.
2025-02-27 10:47:18,939 - INFO - Payment for Compaore  benewende Mathis Arthur imported successfully.
2025-02-27 10:47:18,948 - INFO - Payment for Yougbare   Abdoul Razack imported successfully.
2025-02-27 10:47:18,957 - INFO - Payment for Ilboudo  Nelsonne  imported successfully.
2025-02-27 10:47:18,966 - INFO - Payment for Nacoulma Rafiatou imported successfully.
2025-02-27 10:47:18,981 - INFO - Payment for Boungoutongo Sylvie Wenian imported successfully.
2025-02-27 10:47:18,993 - INFO - Payment for Sawadogo  Myra Faïsa Maïsharatou imported successfully.
2025-02-27 10:47:19,005 - INFO - Payment for Sawadogo  Wendinsongdé Bienvenue imported successfully.
2025-02-27 10:47:19,016 - INFO - Payment for Compaore Alimata Sadia imported successfully.
2025-02-27 10:47:19,032 - INFO - Payment for Balma  Amir imported successfully.
2025-02-27 10:47:19,043 - INFO - Payment for Nikiema Elodie Betinia imported successfully.
2025-02-27 10:47:19,054 - INFO - Payment for Gomgnimbou Wemmatou Saouratou imported successfully.
2025-02-27 10:47:19,065 - INFO - Payment for Balma  Wendenda Benania imported successfully.
2025-02-27 10:47:19,077 - INFO - Payment for Konvolbo  Imelda Lamoussa Edith imported successfully.
2025-02-27 10:47:19,091 - INFO - Payment for Congo Abdoul Wahab imported successfully.
2025-02-27 10:47:19,106 - INFO - Payment for Kientega Viviane imported successfully.
2025-02-27 10:47:19,117 - INFO - Payment for Tiendrebeogo W. Azaël imported successfully.
2025-02-27 10:47:19,127 - INFO - Payment for Soudre Abdoul Mohamine imported successfully.
2025-02-27 10:47:19,137 - INFO - Payment for Ouedraogo Aïdatou imported successfully.
2025-02-27 10:47:19,151 - INFO - Payment for Gambapebou Romaric imported successfully.
2025-02-27 10:47:19,164 - INFO - Payment for Nacoulma Fahimatou imported successfully.
2025-02-27 10:47:19,180 - INFO - Payment for Guigma  Abdoul Halim 2eme jumeau imported successfully.
2025-02-27 10:47:19,195 - INFO - Payment for Congo Faouzia imported successfully.
2025-02-27 10:47:19,204 - INFO - Payment for Dimbone Hamza imported successfully.
2025-02-27 10:47:19,214 - INFO - Payment for Konate  Malicka  imported successfully.
2025-02-27 10:47:19,223 - INFO - Payment for Ilboudo  Landry Ulrich  imported successfully.
2025-02-27 10:47:19,235 - INFO - Payment for Nacoulma  Cheick imported successfully.
2025-02-27 10:47:19,246 - INFO - Payment for Ouedraogo Nathanael imported successfully.
2025-02-27 10:47:19,256 - INFO - Payment for Nikiema Waliatou Sougrenoma imported successfully.
2025-02-27 10:47:19,268 - INFO - Payment for Nikiema Laureine imported successfully.
2025-02-27 10:47:19,278 - INFO - Payment for Dipama Mohamadi imported successfully.
2025-02-27 10:47:19,288 - INFO - Payment for Kere Ounsoun-Cri Jean Mervin imported successfully.
2025-02-27 10:47:19,298 - INFO - Payment for Congo Cheick Oumar Mohamed imported successfully.
2025-02-27 10:47:19,308 - INFO - Payment for Conombo Wassilatou imported successfully.
2025-02-27 10:47:19,320 - INFO - Payment for Nikiema  Arsene  imported successfully.
2025-02-27 10:47:19,334 - INFO - Payment for Gambapebou Anoutoua Marie Imelda imported successfully.
2025-02-27 10:47:19,346 - INFO - Payment for Ouedraogo Daouda imported successfully.
2025-02-27 10:47:19,355 - INFO - Payment for Guigma Adboul Alim imported successfully.
2025-02-27 10:47:19,365 - INFO - Payment for Kazoni Johvani Elisee imported successfully.
2025-02-27 10:47:19,373 - INFO - Payment for Lalsaga Patindé Ridwane imported successfully.
2025-02-27 10:47:19,382 - INFO - Payment for Ouedraogo Deborah Tinwende imported successfully.
2025-02-27 10:47:19,391 - INFO - Payment for Zoundi Stanislas imported successfully.
2025-02-27 10:47:19,401 - INFO - Payment for Guigma  Wenddenda Aaliatou imported successfully.
2025-02-27 10:47:19,412 - INFO - Payment for Compaore Ah Ichata imported successfully.
2025-02-27 10:47:19,423 - INFO - Payment for Kabore Wendpanga Alphee imported successfully.
2025-02-27 10:47:19,433 - INFO - Payment for Compaore Osias imported successfully.
2025-02-27 10:47:19,443 - INFO - Payment for Sawadogo Wendmangda Rolande imported successfully.
2025-02-27 10:47:19,454 - INFO - Payment for Bance Haoulatou imported successfully.
2025-02-27 10:47:19,462 - INFO - Payment for Ilboudo Auriane imported successfully.
2025-02-27 10:47:19,472 - INFO - Payment for Tiendrebeogo Rakiswende Dimitri imported successfully.
2025-02-27 10:47:19,483 - INFO - Payment for Ilboudo Absetou imported successfully.
2025-02-27 10:47:19,494 - INFO - Payment for Bonzi Kamel imported successfully.
2025-02-27 10:47:19,509 - INFO - Payment for Zoumbare Arienne imported successfully.
2025-02-27 10:47:19,521 - INFO - Payment for Nikiema Jean Raphael imported successfully.
2025-02-27 10:47:19,531 - INFO - Payment for Dondasse Sougrinooma Patricia imported successfully.
2025-02-27 10:47:19,541 - INFO - Payment for Zoungrana Adama imported successfully.
2025-02-27 10:47:19,552 - INFO - Payment for Fofana  Cherif Mpa Amine imported successfully.
2025-02-27 10:47:19,566 - INFO - Payment for Taita Wendyam Jorus Aubin imported successfully.
2025-02-27 10:47:19,579 - INFO - Payment for Ouedraogo Nonguisida Abdoulaye imported successfully.
2025-02-27 10:47:19,591 - INFO - Payment for Nikiema  Bnewendé Christ Armel imported successfully.
2025-02-27 10:47:19,601 - INFO - Payment for Zampalegre Cheik Tidiane imported successfully.
2025-02-27 10:47:19,611 - INFO - Payment for Zoungrana  Samadou imported successfully.
2025-02-27 10:47:19,621 - INFO - Payment for Kinda Abdoul Mouhaz imported successfully.
2025-02-27 10:47:19,633 - INFO - Payment for Bouda Wendpanga Clovis imported successfully.
2025-02-27 10:47:19,642 - INFO - Payment for Compaore Prisca imported successfully.
2025-02-27 10:47:19,652 - INFO - Payment for Kabre K. Berenger imported successfully.
2025-02-27 10:47:19,663 - INFO - Payment for Colompare  Weyira Miracle Loïs imported successfully.
2025-02-27 10:47:19,674 - INFO - Payment for Babine  Abdoull Latif imported successfully.
2025-02-27 10:47:19,684 - INFO - Payment for Zoungrana  Pendwende Abdoul Hakim imported successfully.
2025-02-27 10:47:19,694 - INFO - Payment for Bakouan Ydia Faical imported successfully.
2025-02-27 10:47:19,704 - INFO - Payment for Nikiema Jean Michel imported successfully.
2025-02-27 10:47:19,713 - INFO - Payment for Bazie Aymar Alphaniste imported successfully.
2025-02-27 10:47:19,723 - INFO - Payment for Sawadogo  Sougr-Nooma Abdoul Nassir  imported successfully.
2025-02-27 10:47:19,732 - INFO - Payment for Ilboudo Assiatou imported successfully.
2025-02-27 10:47:19,741 - INFO - Payment for Sawadogo Abdoul Nassirou imported successfully.
2025-02-27 10:47:19,749 - INFO - Payment for Ilboudo Raïssa imported successfully.
2025-02-27 10:47:19,758 - INFO - Payment for Sana Oumoul Salim imported successfully.
2025-02-27 10:47:19,767 - INFO - Payment for Sawadogo Oumoul Salim imported successfully.
2025-02-27 10:47:19,778 - INFO - Payment for Gasbeogo Justin imported successfully.
2025-02-27 10:47:19,790 - INFO - Payment for Sorgho Paligwende Djemilatou imported successfully.
2025-02-27 10:47:19,799 - INFO - Payment for Ouedraogo  Rachidatou imported successfully.
2025-02-27 10:47:19,808 - INFO - Payment for Boulio Cheick Mohazou imported successfully.
2025-02-27 10:47:19,818 - INFO - Payment for Kiendrebeogo Abdoul Maguid  imported successfully.
2025-02-27 10:47:19,832 - INFO - Payment for Sawadogo Souleymane imported successfully.
2025-02-27 10:47:19,841 - INFO - Payment for Bonkoungou Severin imported successfully.
2025-02-27 10:47:19,851 - INFO - Payment for Kabore Bassirou imported successfully.
2025-02-27 10:47:19,860 - INFO - Payment for Kabore Bassirou imported successfully.
2025-02-27 10:47:19,869 - INFO - Payment for Zoungrana Abdoul Razack imported successfully.
2025-02-27 10:47:19,879 - INFO - Payment for Kabre Elise imported successfully.
2025-02-27 10:47:19,888 - INFO - Payment for Guira Ridwane imported successfully.
2025-02-27 10:47:19,897 - INFO - Payment for Kabore Sabane imported successfully.
2025-02-27 10:47:19,906 - INFO - Payment for Nana Wendkouni Romaine imported successfully.
2025-02-27 10:47:19,916 - INFO - Payment for Kabore Divine imported successfully.
2025-02-27 10:47:19,928 - INFO - Payment for Kuela Romeo imported successfully.
2025-02-27 10:47:19,941 - INFO - Payment for Bonkoungou  Wendkouni Salome imported successfully.
2025-02-27 10:47:19,955 - INFO - Payment for Simpore Davy Casimir imported successfully.
2025-02-27 10:47:19,969 - INFO - Payment for Bonkoungou Renaud imported successfully.
2025-02-27 10:47:19,980 - INFO - Payment for Kabore Saoudatou imported successfully.
2025-02-27 10:47:19,994 - INFO - Payment for Guira Abdoul Maguid imported successfully.
2025-02-27 10:47:20,009 - INFO - Payment for Zoungrana  Ibrahim  imported successfully.
2025-02-27 10:47:20,021 - INFO - Payment for Ouedraogo Flore imported successfully.
2025-02-27 10:47:20,032 - INFO - Payment for Tiendrebeogo Abdoul Ganilou imported successfully.
2025-02-27 10:47:20,041 - INFO - Payment for Lengani Issouf imported successfully.
2025-02-27 10:47:20,050 - INFO - Payment for Lengane  Aminata  imported successfully.
2025-02-27 10:47:20,059 - INFO - Payment for Soulga Latifatou imported successfully.
2025-02-27 10:47:20,069 - INFO - Payment for Zoungrana W. Adja Rasma imported successfully.
2025-02-27 10:47:20,078 - INFO - Payment for Ilboudo Nafissatou imported successfully.
2025-02-27 10:47:20,090 - INFO - Payment for Ilboudo Aliyatou imported successfully.
2025-02-27 10:47:20,099 - INFO - Payment for Tassembedo Abdoul Alim imported successfully.
2025-02-27 10:47:20,108 - INFO - Payment for Belem Sougrooma Azaph Kevin imported successfully.
2025-02-27 10:47:20,117 - INFO - Payment for Sawadogo  Joceline  Wenddabo imported successfully.
2025-02-27 10:47:20,126 - INFO - Payment for Lirasse  Anekogo Jerome  imported successfully.
2025-02-27 10:47:20,140 - INFO - Payment for Savadogo  Glwadys Marie Wendtoin imported successfully.
2025-02-27 10:47:20,154 - INFO - Payment for Lengane Wassilatou imported successfully.
2025-02-27 10:47:20,164 - INFO - Payment for Zoungrana Aimane imported successfully.
2025-02-27 10:47:20,174 - INFO - Payment for Nikiema Samira imported successfully.
2025-02-27 10:47:20,183 - INFO - Payment for Zoungrana Abdoul Mohamine imported successfully.
2025-02-27 10:47:20,193 - INFO - Payment for Kabore Bachiratou imported successfully.
2025-02-27 10:47:20,202 - INFO - Payment for Nikiema Cheick Rayane  imported successfully.
2025-02-27 10:47:20,212 - INFO - Payment for Lengane  Aminata  imported successfully.
2025-02-27 10:47:20,222 - INFO - Payment for Fofana  Cherif Mpa Amine imported successfully.
2025-02-27 10:47:20,232 - INFO - Payment for Kiemde  Wendpanga Eric imported successfully.
2025-02-27 10:47:20,241 - INFO - Payment for Lengane Wassilatou imported successfully.
2025-02-27 10:47:20,251 - INFO - Payment for Nikiema Levis imported successfully.
2025-02-27 10:47:20,260 - INFO - Payment for Nikiema  Wend-Kuni Ibrahim imported successfully.
2025-02-27 10:47:20,270 - INFO - Payment for Kabore  Oumounaïchata imported successfully.
2025-02-27 10:47:20,279 - INFO - Payment for Gounabou Weykiga Rachel imported successfully.
2025-02-27 10:47:20,290 - INFO - Payment for Sare Wafa imported successfully.
2025-02-27 10:47:20,299 - INFO - Payment for Zorom Amiratou imported successfully.
2025-02-27 10:47:20,308 - INFO - Payment for Zongo Abdoul Mahmine imported successfully.
2025-02-27 10:47:20,320 - INFO - Payment for Passere Nafissatou imported successfully.
2025-02-27 10:47:20,333 - INFO - Payment for Bonkoungou Severin imported successfully.
2025-02-27 10:47:20,347 - INFO - Payment for Bonkoungou  Wendkouni Salome imported successfully.
2025-02-27 10:47:20,358 - INFO - Payment for Colompare  Weyira Miracle Loïs imported successfully.
2025-02-27 10:47:20,369 - INFO - Payment for Tassembedo Cheick Oumar imported successfully.
2025-02-27 10:47:20,382 - INFO - Payment for Togom Abdoul Bassite imported successfully.
2025-02-27 10:47:20,401 - INFO - Payment for Ouedraogo Roukietou imported successfully.
2025-02-27 10:47:20,410 - INFO - Payment for Nana S. Junior imported successfully.
2025-02-27 10:47:20,419 - INFO - Payment for Bonkoungou Renaud imported successfully.
2025-02-27 10:47:20,427 - INFO - Payment for Kinda Pengdwende Stella Emelie imported successfully.
2025-02-27 10:47:20,440 - INFO - Payment for Nana  Naomie Bienvenue imported successfully.
2025-02-27 10:47:20,449 - INFO - Payment for Lirasse  Anekogo Jerome  imported successfully.
2025-02-27 10:47:20,458 - INFO - Payment for Tapsoba Bibata imported successfully.
2025-02-27 10:47:20,466 - INFO - Payment for Bagyan Ramadane imported successfully.
2025-02-27 10:47:20,475 - INFO - Payment for Compaore  Bouchratou imported successfully.
2025-02-27 10:47:20,489 - INFO - Payment for Kabore  Rayane  imported successfully.
2025-02-27 10:47:20,500 - INFO - Payment for Houarobou Ouessodibam Raphael imported successfully.
2025-02-27 10:47:20,509 - INFO - Payment for Kouanda   Saidatou imported successfully.
2025-02-27 10:47:20,519 - INFO - Payment for Sangna  Eric Ismaïla Achille  imported successfully.
2025-02-27 10:47:20,528 - INFO - Payment for Boungoutongo Sylvie Wenian imported successfully.
2025-02-27 10:47:20,537 - INFO - Payment for Bikienga  Abdallah imported successfully.
2025-02-27 10:47:20,547 - INFO - Payment for Compaore  Abdoul Sabour imported successfully.
2025-02-27 10:47:20,556 - INFO - Payment for Compaore  Soumaya  imported successfully.
2025-02-27 10:47:20,565 - INFO - Payment for Ouedraogo Charine Sougr Nooma Fedelia imported successfully.
2025-02-27 10:47:20,574 - INFO - Payment for Ouedraogo Moazou imported successfully.
2025-02-27 10:47:20,590 - INFO - Payment for Sawadogo Absatou imported successfully.
2025-02-27 10:47:20,607 - INFO - Payment for Traore Tetoi Salim imported successfully.
2025-02-27 10:47:20,621 - INFO - Payment for Ouedraogo  Camille Rayimwende imported successfully.
2025-02-27 10:47:20,639 - INFO - Payment for Traore  Tefiè Mouslim imported successfully.
2025-02-27 10:47:20,652 - INFO - Payment for Ouedraogo Cheick Moubarack imported successfully.
2025-02-27 10:47:20,663 - INFO - Payment for Koubatora  Wepooni Eleazar Josue imported successfully.
2025-02-27 10:47:20,673 - INFO - Payment for Compaore Abdoul Halim imported successfully.
2025-02-27 10:47:20,684 - INFO - Payment for Sawadogo Abdoul Maguid imported successfully.
2025-02-27 10:47:20,698 - INFO - Payment for Sore Abdoul Razack imported successfully.
2025-02-27 10:47:20,712 - INFO - Payment for Ilboudo  kIswendssida Christ imported successfully.
2025-02-27 10:47:20,725 - INFO - Payment for Zoungrana Abdoul Waris imported successfully.
2025-02-27 10:47:20,736 - INFO - Payment for Sawadogo  Salam  imported successfully.
2025-02-27 10:47:20,747 - INFO - Payment for Silga  Nouriatou imported successfully.
2025-02-27 10:47:20,757 - INFO - Payment for Kabore  Hadidja imported successfully.
2025-02-27 10:47:20,769 - INFO - Payment for Zampalegre Cheik Tidiane imported successfully.
2025-02-27 10:47:20,779 - INFO - Payment for Gomgnimbou Wemmatou Saouratou imported successfully.
2025-02-27 10:47:20,792 - INFO - Payment for Kiema T. Olga imported successfully.
2025-02-27 10:47:20,807 - INFO - Payment for Kiema Wendmalgda Ingrid imported successfully.
2025-02-27 10:47:20,820 - INFO - Payment for Gouem Amssetou imported successfully.
2025-02-27 10:47:20,833 - INFO - Payment for Ilboudo Soumaya imported successfully.
2025-02-27 10:47:20,845 - INFO - Payment for Passere  Mohamadi imported successfully.
2025-02-27 10:47:20,857 - INFO - Payment for Malgoubri  Issaka  imported successfully.
2025-02-27 10:47:20,868 - INFO - Payment for Nacoulma Ange imported successfully.
2025-02-27 10:47:20,879 - INFO - Payment for Atibie Wenyim Josiane Triomphe imported successfully.
2025-02-27 10:47:20,892 - INFO - Payment for Zoungrana Abdoul Maguid imported successfully.
2025-02-27 10:47:20,902 - INFO - Payment for Kazienga Khalid imported successfully.
2025-02-27 10:47:20,915 - INFO - Payment for Sawadogo  Apolinnaire Wilfried Wamalgda imported successfully.
2025-02-27 10:47:20,928 - INFO - Payment for Zoungrana  Carlos Wendkouni Isidore imported successfully.
2025-02-27 10:47:20,941 - INFO - Payment for Sore  Amir Mouhminine imported successfully.
2025-02-27 10:47:20,954 - INFO - Payment for Sane  Abdoul Bassit  imported successfully.
2025-02-27 10:47:20,968 - INFO - Payment for Compaore Prisca imported successfully.
2025-02-27 10:47:20,982 - INFO - Payment for Noufe Julia Amaël Emeraude imported successfully.
2025-02-27 10:47:20,996 - INFO - Payment for Zongo Elie Yipene imported successfully.
2025-02-27 10:47:21,007 - INFO - Payment for Ouedraogo Wendyame Beatrice imported successfully.
2025-02-27 10:47:21,017 - INFO - Payment for Nacoulma Angela imported successfully.
2025-02-27 10:47:21,027 - INFO - Payment for Pelegsonre  Mohamadi  imported successfully.
2025-02-27 10:47:21,037 - INFO - Payment for Kazienga  Maïcharatou imported successfully.
2025-02-27 10:47:21,048 - INFO - Payment for Deme  Rachidatou imported successfully.
2025-02-27 10:47:21,059 - INFO - Payment for Kotani  Assagribouga Damien Ulrich imported successfully.
2025-02-27 10:47:21,069 - INFO - Payment for Kotani  Assagribouga Damien Ulrich imported successfully.
2025-02-27 10:47:21,081 - INFO - Payment for Guira Abdoul Maguid imported successfully.
2025-02-27 10:47:21,092 - INFO - Payment for Guira Ridwane imported successfully.
2025-02-27 10:47:21,103 - INFO - Payment for Billa Taslimatou Fatimata imported successfully.
2025-02-27 10:47:21,114 - INFO - Payment for Yoda Richard imported successfully.
2025-02-27 10:47:21,123 - INFO - Payment for Ilboudo D. Evan imported successfully.
2025-02-27 10:47:21,132 - INFO - Payment for Bouda Grace Alexandra imported successfully.
2025-02-27 10:47:21,141 - INFO - Payment for Simpore  Cheick Ibrahim imported successfully.
2025-02-27 10:47:21,150 - INFO - Payment for Hien  Youorkiè Laurianne imported successfully.
2025-02-27 10:47:21,159 - INFO - Payment for Sore Abdoul Razack imported successfully.
2025-02-27 10:47:21,169 - INFO - Payment for Congo Oumaimatou imported successfully.
2025-02-27 10:47:21,180 - INFO - Payment for Nikiema  Arsene  imported successfully.
2025-02-27 10:47:21,190 - INFO - Payment for Nikiema Elodie Betinia imported successfully.
2025-02-27 10:47:21,200 - INFO - Payment for Gambapebou Anoutoua Marie Imelda imported successfully.
2025-02-27 10:47:21,210 - INFO - Payment for Onadja Moudjahed Djasibo imported successfully.
2025-02-27 10:47:21,219 - INFO - Payment for Zoungrana  Pendwende Abdoul Hakim imported successfully.
2025-02-27 10:47:21,229 - INFO - Payment for Yonli Rasack imported successfully.
2025-02-27 10:47:21,240 - INFO - Payment for Guigma  Moustapha imported successfully.
2025-02-27 10:47:21,249 - INFO - Payment for Onadja  Badandi Abdoul Dramane  imported successfully.
2025-02-27 10:47:21,260 - INFO - Payment for Dimbone Hamza imported successfully.
2025-02-27 10:47:21,271 - INFO - Payment for Zampalegre Cheik Tidiane imported successfully.
2025-02-27 10:47:21,282 - INFO - Payment for Guigma Abdoul Kader imported successfully.
2025-02-27 10:47:21,294 - INFO - Payment for Zoungrana Abdoul Galilou imported successfully.
2025-02-27 10:47:21,308 - INFO - Payment for Compaore Alimata Sadia imported successfully.
2025-02-27 10:47:21,323 - INFO - Payment for Compaore Aisseta imported successfully.
2025-02-27 10:47:21,334 - INFO - Payment for Sawadogo Harouna imported successfully.
2025-02-27 10:47:21,346 - INFO - Payment for Tiendrebeogo W. Epiphane imported successfully.
2025-02-27 10:47:21,357 - INFO - Payment for Tassembedo Cheick Oumar imported successfully.
2025-02-27 10:47:21,371 - INFO - Payment for Lalsaga Patindé Ridwane imported successfully.
2025-02-27 10:47:21,385 - INFO - Payment for Zoungrana  Samadou imported successfully.
2025-02-27 10:47:21,398 - INFO - Payment for Tiendrebeogo Rakiswende Dimitri imported successfully.
2025-02-27 10:47:21,416 - INFO - Payment for Babine  Abdoull Latif imported successfully.
2025-02-27 10:47:21,425 - INFO - Payment for Compaore Abou Soufiane imported successfully.
2025-02-27 10:47:21,435 - INFO - Payment for Zongo Sayouba imported successfully.
2025-02-27 10:47:21,445 - INFO - Payment for Nana Geofroy imported successfully.
2025-02-27 10:47:21,453 - INFO - Payment for Zoungrana Abdoul Mohamine imported successfully.
2025-02-27 10:47:21,462 - INFO - Payment for Sawadogo  Nouriatou imported successfully.
2025-02-27 10:47:21,470 - INFO - Payment for Tiemtore  Gueswende Giovany imported successfully.
2025-02-27 10:47:21,479 - INFO - Payment for Conombo Mami Salamata imported successfully.
2025-02-27 10:47:21,491 - INFO - Payment for Bazie Aymar Alphaniste imported successfully.
2025-02-27 10:47:21,502 - INFO - Payment for Tiendrebeogo W. Epiphane imported successfully.
2025-02-27 10:47:21,516 - INFO - Payment for Compaore Rasmata imported successfully.
2025-02-27 10:47:21,527 - INFO - Payment for Ouedraogo  Nassirou imported successfully.
2025-02-27 10:47:21,537 - INFO - Payment for Sokondou Daouda imported successfully.
2025-02-27 10:47:21,548 - INFO - Payment for Compaore Balguissou imported successfully.
2025-02-27 10:47:21,559 - INFO - Payment for Compaore Rihanata imported successfully.
2025-02-27 10:47:21,568 - INFO - Payment for Rabo Ridwane imported successfully.
2025-02-27 10:47:21,578 - INFO - Payment for Nikiema Abdoul Wahid imported successfully.
2025-02-27 10:47:21,587 - INFO - Payment for Nikiema Abdoul Wahid imported successfully.
2025-02-27 10:47:21,599 - INFO - Payment for Ilboudo Nafissatou imported successfully.
2025-02-27 10:47:21,611 - INFO - Payment for Compaore Ah Ichata imported successfully.
2025-02-27 10:47:21,622 - INFO - Payment for Nikiema  Abdoul Said Rayanemanegré imported successfully.
2025-02-27 10:47:21,631 - INFO - Payment for Ilboudo Assiatou imported successfully.
2025-02-27 10:47:21,640 - INFO - Payment for Zorom Amiratou imported successfully.
2025-02-27 10:47:21,649 - INFO - Payment for Belemsigri  Fulbert  imported successfully.
2025-02-27 10:47:21,658 - INFO - Payment for Guigma Adama imported successfully.
2025-02-27 10:47:21,667 - INFO - Payment for Ouedraogo Alida Doriane imported successfully.
2025-02-27 10:47:21,676 - INFO - Payment for Ilboudo Aliyatou imported successfully.
2025-02-27 10:47:21,685 - INFO - Payment for Kombassere  Mohazou imported successfully.
2025-02-27 10:47:21,694 - INFO - Payment for Nikiema Waliatou Sougrenoma imported successfully.
2025-02-27 10:47:21,702 - INFO - Payment for Ilboudo Absetou imported successfully.
2025-02-27 10:47:21,714 - INFO - Payment for Sana Oumoul Salim imported successfully.
2025-02-27 10:47:21,726 - INFO - Payment for Zongo Awa imported successfully.
2025-02-27 10:47:21,737 - INFO - Payment for Compaore  benewende Mathis Arthur imported successfully.
2025-02-27 10:47:21,747 - INFO - Payment for Kabore Wendpanga Alphee imported successfully.
2025-02-27 10:47:21,761 - INFO - Payment for Sana  Mouniratou imported successfully.
2025-02-27 10:47:21,772 - INFO - Payment for Nion  Ouessono Kevin imported successfully.
2025-02-27 10:47:21,785 - INFO - Payment for Ilboudo Soumaya imported successfully.
2025-02-27 10:47:21,797 - INFO - Payment for Koanda Abdoul Maguid imported successfully.
2025-02-27 10:47:21,812 - INFO - Payment for Kouanda Mohamed Bechir imported successfully.
2025-02-27 10:47:21,827 - INFO - Payment for Zoungrana R. Isidore imported successfully.
2025-02-27 10:47:21,838 - INFO - Payment for Koanda Zoulhatou imported successfully.
2025-02-27 10:47:21,848 - INFO - Payment for Congo Oumaimatou imported successfully.
2025-02-27 10:47:21,857 - INFO - Payment for Gasbeogo Justin imported successfully.
2025-02-27 10:47:21,867 - INFO - Payment for Nana Nouriatou imported successfully.
2025-02-27 10:47:21,878 - INFO - Payment for Bilgo Rabiatou imported successfully.
2025-02-27 10:47:21,888 - INFO - Payment for Nikiema Abdoul Bassit  imported successfully.
2025-02-27 10:47:21,899 - INFO - Payment for Ouedraogo Abdoul Hafiz imported successfully.
2025-02-27 10:47:21,911 - INFO - Payment for Natama Josiane imported successfully.
2025-02-27 10:47:21,923 - INFO - Payment for Zoundi Stanislas imported successfully.
2025-02-27 10:47:21,935 - INFO - Payment for Bilgo Mahamadi Djamane Dinni imported successfully.
2025-02-27 10:47:21,949 - INFO - Payment for Bilgo Yousra imported successfully.
2025-02-27 10:47:21,961 - INFO - Payment for Ouedraogo Nonguisida Abdoulaye imported successfully.
2025-02-27 10:47:21,974 - INFO - Payment for Balma  Wendenda Benania imported successfully.
2025-02-27 10:47:21,987 - INFO - Payment for Zoungrana Aimane imported successfully.
2025-02-27 10:47:21,999 - INFO - Payment for Ilboudo  Landry Ulrich  imported successfully.
2025-02-27 10:47:22,012 - INFO - Payment for Togom Abdoul Bassite imported successfully.
2025-02-27 10:47:22,028 - INFO - Payment for Konvolbo  Imelda Lamoussa Edith imported successfully.
2025-02-27 10:47:22,040 - INFO - Payment for Zoungrana W. Adja Rasma imported successfully.
2025-02-27 10:47:22,055 - INFO - Payment for Fofana  Cherif Mpa Amine imported successfully.
2025-02-27 10:47:22,068 - INFO - Payment for Badiel Bernard imported successfully.
2025-02-27 10:47:22,081 - INFO - Payment for Ilboudo Auriane imported successfully.
2025-02-27 10:47:22,092 - INFO - Payment for Nikiema Laureine imported successfully.
2025-02-27 10:47:22,104 - INFO - Payment for Conombo Mami Salamata imported successfully.
2025-02-27 10:47:22,117 - INFO - Payment for Ouedraogo  Felicia Sindinmanegda  imported successfully.
2025-02-27 10:47:22,130 - INFO - Payment for Kere Ounsoun-Cri Jean Mervin imported successfully.
2025-02-27 10:47:22,144 - INFO - Payment for Compaore B. Salifou imported successfully.
2025-02-27 10:47:22,157 - INFO - Payment for Ilboudo D. Evan imported successfully.
2025-02-27 10:47:22,168 - INFO - Payment for Nikiema Jean Raphael imported successfully.
2025-02-27 10:47:22,180 - INFO - Payment for Gounabou Gouyire Olivier imported successfully.
2025-02-27 10:47:22,193 - INFO - Payment for Ilboudo  Grace Baowende Bereniche imported successfully.
2025-02-27 10:47:22,204 - INFO - Payment for Ouedraogo Abdoul Djalilou imported successfully.
2025-02-27 10:47:22,215 - INFO - Payment for Kiemde  Wendpanga Eric imported successfully.
2025-02-27 10:47:22,230 - INFO - Payment for Kuela Romeo imported successfully.
2025-02-27 10:47:22,241 - INFO - Payment for Togom Naïmatou imported successfully.
2025-02-27 10:47:22,251 - INFO - Payment for Bouda Jean Gregoire Marie imported successfully.
2025-02-27 10:47:22,261 - INFO - Payment for Nikiema Jean Michel imported successfully.
2025-02-27 10:47:22,270 - INFO - Payment for Sane  Abdoul Bassit  imported successfully.
2025-02-27 10:47:22,281 - INFO - Payment for Sawadogo Absatou imported successfully.
2025-02-27 10:47:22,295 - INFO - Payment for Ouedraogo Daouda imported successfully.
2025-02-27 10:47:22,307 - INFO - Payment for Sokondou Daouda imported successfully.
2025-02-27 10:47:22,318 - INFO - Payment for Sorgho W Jean Armel imported successfully.
2025-02-27 10:47:22,330 - INFO - Payment for Nikiema Levis imported successfully.
2025-02-27 10:47:22,341 - INFO - Payment for Conombo Abraham imported successfully.
2025-02-27 10:47:22,352 - INFO - Payment for Tassembedo Sadikou imported successfully.
2025-02-27 10:47:22,367 - INFO - Payment for Zoumbare Arienne imported successfully.
2025-02-27 10:47:22,379 - INFO - Payment for Sawadogo Souleymane imported successfully.
2025-02-27 10:47:22,388 - INFO - Payment for Ouedraogo Flore imported successfully.
2025-02-27 10:47:22,398 - INFO - Payment for Conombo Wassilatou imported successfully.
2025-02-27 10:47:22,408 - INFO - Payment for Ilboudo  Nelsonne  imported successfully.
2025-02-27 10:47:22,417 - INFO - Payment for Balma  Amir imported successfully.
2025-02-27 10:47:22,427 - INFO - Payment for Sawadogo Abdoul Nassirou imported successfully.
2025-02-27 10:47:22,436 - INFO - Payment for Baga  Pelagie Wend Puire imported successfully.
2025-02-27 10:47:22,449 - INFO - Payment for Zoungrana Adama imported successfully.
2025-02-27 10:47:22,462 - INFO - Payment for Soulga Latifatou imported successfully.
2025-02-27 10:47:22,473 - INFO - Payment for Yougbare Bousra imported successfully.
2025-02-27 10:47:22,483 - INFO - Payment for Nikiema Steeve Donal imported successfully.
2025-02-27 10:47:22,495 - INFO - Payment for Nikiema Jean Raphael imported successfully.
2025-02-27 10:47:22,510 - INFO - Payment for Tiendrebeogo Wendso Christ-vie imported successfully.
2025-02-27 10:47:22,525 - INFO - Payment for Kazoni Johvani Elisee imported successfully.
2025-02-27 10:47:22,540 - INFO - Payment for Congo Cheick Oumar Mohamed imported successfully.
2025-02-27 10:47:22,552 - INFO - Payment for Kouda Yasmina imported successfully.
2025-02-27 10:47:22,565 - INFO - Payment for Kinda Abdoul Mouhaz imported successfully.
2025-02-27 10:47:22,581 - INFO - Payment for Simpore Davy Casimir imported successfully.
2025-02-27 10:47:22,592 - INFO - Payment for Zigani Chonleo Nicole imported successfully.
2025-02-27 10:47:22,602 - INFO - Payment for Sawadogo Abdoul Maguid imported successfully.
2025-02-27 10:47:22,612 - INFO - Payment for Guira Ridwane imported successfully.
2025-02-27 10:47:22,623 - INFO - Payment for Kiema  Wend-So Charles le-Bon imported successfully.
2025-02-27 10:47:22,632 - INFO - Payment for Guira Abdoul Maguid imported successfully.
2025-02-27 10:47:22,640 - INFO - Payment for Kouanda   Saidatou imported successfully.
2025-02-27 10:47:22,650 - INFO - Payment for Kazienga  Maïcharatou imported successfully.
2025-02-27 10:47:22,659 - INFO - Payment for Tapsoba Bibata imported successfully.
2025-02-27 10:47:22,669 - INFO - Payment for Sawadogo  Wendinsongdé Bienvenue imported successfully.
2025-02-27 10:47:22,678 - INFO - Payment for Sawadogo  Nouriatou imported successfully.
2025-02-27 10:47:22,686 - INFO - Payment for Nikiema Elodie Betinia imported successfully.
2025-02-27 10:47:22,695 - INFO - Payment for Soulia  Aroune Mohamed Assad Yiyandin imported successfully.
2025-02-27 10:47:22,706 - INFO - Payment for Nikiema Cheick Rayane  imported successfully.
2025-02-27 10:47:22,718 - INFO - Payment for Ouedraogo  Rachidatou imported successfully.
2025-02-27 10:47:22,729 - INFO - Payment for Ouédraogo Pendgwende Balguissa imported successfully.
2025-02-27 10:47:22,738 - INFO - Payment for Zoungrana  Austin Pabegwende Prince  imported successfully.
2025-02-27 10:47:22,747 - INFO - Payment for Tapsoba Elie imported successfully.
2025-02-27 10:47:22,757 - INFO - Payment for Nacoulma Angela imported successfully.
2025-02-27 10:47:22,766 - INFO - Payment for Kabore  Hadidja imported successfully.
2025-02-27 10:47:22,776 - INFO - Payment for Tassembedo  Abdoul Waagid imported successfully.
2025-02-27 10:47:22,787 - INFO - Payment for Tapsoba Elise 1Er Jumeau imported successfully.
2025-02-27 10:47:22,799 - INFO - Payment for Ilboudo Nafissatou imported successfully.
2025-02-27 10:47:22,813 - INFO - Payment for Nana Wendkouni Romaine imported successfully.
2025-02-27 10:47:22,823 - INFO - Payment for Sawadogo Harouna imported successfully.
2025-02-27 10:47:22,833 - INFO - Payment for Ouedraogo Alida Doriane imported successfully.
2025-02-27 10:47:22,842 - INFO - Payment for Sawadogo Wendmangda Rolande imported successfully.
2025-02-27 10:47:22,855 - INFO - Payment for Passere  Mohamadi imported successfully.
2025-02-27 10:47:22,865 - INFO - Payment for Ouedraogo Cheick Moubarack imported successfully.
2025-02-27 10:47:22,875 - INFO - Payment for Bonzi Kamel imported successfully.
2025-02-27 10:47:22,884 - INFO - Payment for Kiendrebeogo  Guetawende Amirir imported successfully.
2025-02-27 10:47:22,895 - INFO - Payment for Ilboudo Evariste Wendlassida imported successfully.
2025-02-27 10:47:22,905 - INFO - Payment for Sangna  Eric Ismaïla Achille  imported successfully.
2025-02-27 10:47:22,915 - INFO - Payment for Zedouma  Rihanata  imported successfully.
2025-02-27 10:47:22,924 - INFO - Payment for Atibie Wenyim Josiane Triomphe imported successfully.
2025-02-27 10:47:22,933 - INFO - Payment for Sokondou Daouda imported successfully.
2025-02-27 10:47:22,941 - INFO - Payment for Belem Sougrooma Azaph Kevin imported successfully.
2025-02-27 10:47:22,950 - INFO - Payment for Nikiema  Wend-Kuni Ibrahim imported successfully.
2025-02-27 10:47:22,959 - INFO - Payment for Nacoulma Ange imported successfully.
2025-02-27 10:47:22,968 - INFO - Payment for Compaore  Abdoul Sabour imported successfully.
2025-02-27 10:47:22,978 - INFO - Payment for Gouem Amssetou imported successfully.
2025-02-27 10:47:22,987 - INFO - Payment for Niaone Assane imported successfully.
2025-02-27 10:47:22,997 - INFO - Payment for Tiendrebeogo Abdoul Ganilou imported successfully.
2025-02-27 10:47:23,006 - INFO - Payment for Compaore  Abdoul Shakour imported successfully.
2025-02-27 10:47:23,015 - INFO - Payment for Nassa  Kiswendsida Abdoul Maguid imported successfully.
2025-02-27 10:47:23,025 - INFO - Payment for Kiendrebeogo  Basseninwende Eliazer David imported successfully.
2025-02-27 10:47:23,034 - INFO - Payment for Passere Nafissatou imported successfully.
2025-02-27 10:47:23,043 - INFO - Payment for Nikiema  Pawendtaore Ulrich Junior imported successfully.
2025-02-27 10:47:23,054 - INFO - Payment for Gounabou Weykiga Rachel imported successfully.
2025-02-27 10:47:23,064 - INFO - Payment for Yonli Rasack imported successfully.
2025-02-27 10:47:23,073 - INFO - Payment for Malgoubri  Issaka  imported successfully.
2025-02-27 10:47:23,082 - INFO - Payment for Kabre Elise imported successfully.
2025-02-27 10:47:23,091 - INFO - Payment for Niaone Assana imported successfully.
2025-02-27 10:47:23,102 - INFO - Payment for Zigani Chonleo Nicole imported successfully.
2025-02-27 10:47:23,113 - INFO - Payment for Gouem Kassoum imported successfully.
2025-02-27 10:47:23,123 - INFO - Payment for Ouedraogo Aïdatou imported successfully.
2025-02-27 10:47:23,133 - INFO - Payment for Sangna  Eric Ismaïla Achille  imported successfully.
2025-02-27 10:47:23,143 - INFO - Payment for Sawadogo Kiswendsida Felicite Grace imported successfully.
2025-02-27 10:47:23,152 - INFO - Payment for Nikiema Samira imported successfully.
2025-02-27 10:47:23,162 - INFO - Payment for Kuela Romeo imported successfully.
2025-02-27 10:47:23,175 - INFO - Payment for Ilboudo Raïssa imported successfully.
2025-02-27 10:47:23,187 - INFO - Payment for Tassembedo  Abdoul Maguid  imported successfully.
2025-02-27 10:47:23,197 - INFO - Payment for Kontogom Grace Divine  imported successfully.
2025-02-27 10:47:23,211 - INFO - Payment for Sakande  Abdoul Gafarou imported successfully.
2025-02-27 10:47:23,222 - INFO - Payment for Sorgho W Jean Armel imported successfully.
2025-02-27 10:47:23,235 - INFO - Payment for Nana  Naomie Bienvenue imported successfully.
2025-02-27 10:47:23,246 - INFO - Payment for Guigma Adama imported successfully.
2025-02-27 10:47:23,262 - INFO - Payment for Monean  Gael imported successfully.
2025-02-27 10:47:23,273 - INFO - Payment for Zoungrana Abdoul Galilou imported successfully.
2025-02-27 10:47:23,283 - INFO - Payment for Silga  Nouriatou imported successfully.
2025-02-27 10:47:23,294 - INFO - Payment for Gounabou Gouyire Olivier imported successfully.
2025-02-27 10:47:23,305 - INFO - Payment for Compaore  Wendinso Adriell imported successfully.
2025-02-27 10:47:23,315 - INFO - Payment for Alcosse  Akiwele Fabrice dit Belgo imported successfully.
2025-02-27 10:47:23,325 - INFO - Payment for Yougbare Emmanuel Ramadan imported successfully.
2025-02-27 10:47:23,335 - INFO - Payment for Goumbane Ismael imported successfully.
2025-02-27 10:47:23,344 - INFO - Payment for Kabre K. Berenger imported successfully.
2025-02-27 10:47:23,353 - INFO - Payment for Zongo Abdoul Mahmine imported successfully.
2025-02-27 10:47:23,362 - INFO - Payment for Sore  Amir Mouhminine imported successfully.
2025-02-27 10:47:23,375 - INFO - Payment for Nikiema  Bibata  imported successfully.
2025-02-27 10:47:23,386 - INFO - Payment for Kazoni Ouibissma Cherifa Andrea imported successfully.
2025-02-27 10:47:23,396 - INFO - Payment for Bagyan Ramadane imported successfully.
2025-02-27 10:47:23,408 - INFO - Payment for Onadja Abdou imported successfully.
2025-02-27 10:47:23,418 - INFO - Payment for Malgoubri  Issaka  imported successfully.
2025-02-27 10:47:23,428 - INFO - Payment for Sokondou Daouda imported successfully.
2025-02-27 10:47:23,438 - INFO - Payment for Nikiema Samira imported successfully.
2025-02-27 10:47:23,447 - INFO - Payment for Zoungrana  Ibrahim  imported successfully.
2025-02-27 10:47:23,457 - INFO - Payment for Badiel Bernard imported successfully.
2025-02-27 10:47:23,465 - INFO - Payment for Zampalegre Cheik Tidiane imported successfully.
2025-02-27 10:47:23,474 - INFO - Payment for Sorgho Paligwende Djemilatou imported successfully.
2025-02-27 10:47:23,485 - INFO - Payment for Kiendrebeogo  Basseninwende Eliazer David imported successfully.
2025-02-27 10:47:23,494 - INFO - Payment for Bouda Jean Gregoire Marie imported successfully.
2025-02-27 10:47:23,507 - INFO - Payment for Kabre K. Berenger imported successfully.
2025-02-27 10:47:23,519 - INFO - Payment for Nikiema Cheick Rayane  imported successfully.
2025-02-27 10:47:23,529 - INFO - Payment for Guigma Adama imported successfully.
2025-02-27 10:47:23,539 - INFO - Payment for Zoungrana Abdoul Maguid imported successfully.
2025-02-27 10:47:23,548 - INFO - Payment for Sagne  Adja Mamounata imported successfully.
2025-02-27 10:47:23,558 - INFO - Payment for Conombo Mami Salamata imported successfully.
2025-02-27 10:47:23,569 - INFO - Payment for Sawadogo  Nina wendinsso imported successfully.
2025-02-27 10:47:23,581 - INFO - Payment for Sawadogo  Apolinnaire Wilfried Wamalgda imported successfully.
2025-02-27 10:47:23,595 - INFO - Payment for Sana  Mouniratou imported successfully.
2025-02-27 10:47:23,605 - INFO - Payment for Ilboudo Soumaya imported successfully.
2025-02-27 10:47:23,616 - INFO - Payment for Sawadogo  Apolinnaire Wilfried Wamalgda imported successfully.
2025-02-27 10:47:23,625 - INFO - Payment for Kiemtore Peng-Benin wende Hilarie Tanya imported successfully.
2025-02-27 10:47:23,634 - INFO - Payment for Kabore  Rayane  imported successfully.
2025-02-27 10:47:23,643 - INFO - Payment for Compaore Abdoul Halim imported successfully.
2025-02-27 10:47:23,652 - INFO - Payment for Nana Joris imported successfully.
